"시점","자치구별(1)","자치구별(2)",시간대별(1),시간대별(2),발생건수,사망자수,부상자수
"2018","합계","소계",합계,소계,38795,304,53751
"2018","합계","소계",합계,00시-02시,2574,30,3943
"2018","합계","소계",합계,02시-04시,1701,27,2595
"2018","합계","소계",합계,04시-06시,1621,40,2346
"2018","합계","소계",합계,06시-08시,2189,33,3030
"2018","합계","소계",합계,08시-10시,3586,19,4769
"2018","합계","소계",합계,10시-12시,3438,20,4636
"2018","합계","소계",합계,12시-14시,3590,18,4882
"2018","합계","소계",합계,14시-16시,3854,17,5184
"2018","합계","소계",합계,16시-18시,4262,23,5669
"2018","합계","소계",합계,18시-20시,4655,20,6189
"2018","합계","소계",합계,20시-22시,3800,28,5341
"2018","합계","소계",합계,22시-24시,3525,29,5167
"2018","합계","종로구",합계,소계,1134,6,1546
"2018","합계","종로구",합계,00시-02시,76,1,114
"2018","합계","종로구",합계,02시-04시,40,-,60
"2018","합계","종로구",합계,04시-06시,43,-,58
"2018","합계","종로구",합계,06시-08시,64,2,93
"2018","합계","종로구",합계,08시-10시,94,-,132
"2018","합계","종로구",합계,10시-12시,108,-,136
"2018","합계","종로구",합계,12시-14시,111,1,137
"2018","합계","종로구",합계,14시-16시,118,-,168
"2018","합계","종로구",합계,16시-18시,105,-,138
"2018","합계","종로구",합계,18시-20시,131,-,162
"2018","합계","종로구",합계,20시-22시,115,1,167
"2018","합계","종로구",합계,22시-24시,129,1,181
"2018","합계","중구",합계,소계,1128,9,1506
"2018","합계","중구",합계,00시-02시,64,-,98
"2018","합계","중구",합계,02시-04시,57,-,73
"2018","합계","중구",합계,04시-06시,51,3,58
"2018","합계","중구",합계,06시-08시,60,-,95
"2018","합계","중구",합계,08시-10시,92,-,118
"2018","합계","중구",합계,10시-12시,131,1,167
"2018","합계","중구",합계,12시-14시,125,-,165
"2018","합계","중구",합계,14시-16시,118,-,159
"2018","합계","중구",합계,16시-18시,121,1,173
"2018","합계","중구",합계,18시-20시,119,3,152
"2018","합계","중구",합계,20시-22시,107,1,138
"2018","합계","중구",합계,22시-24시,83,-,110
"2018","합계","용산구",합계,소계,1330,14,1852
"2018","합계","용산구",합계,00시-02시,93,3,142
"2018","합계","용산구",합계,02시-04시,71,1,103
"2018","합계","용산구",합계,04시-06시,65,2,92
"2018","합계","용산구",합계,06시-08시,81,2,111
"2018","합계","용산구",합계,08시-10시,123,2,149
"2018","합계","용산구",합계,10시-12시,120,1,168
"2018","합계","용산구",합계,12시-14시,114,-,166
"2018","합계","용산구",합계,14시-16시,124,1,170
"2018","합계","용산구",합계,16시-18시,134,-,193
"2018","합계","용산구",합계,18시-20시,145,-,186
"2018","합계","용산구",합계,20시-22시,142,2,198
"2018","합계","용산구",합계,22시-24시,118,-,174
"2018","합계","성동구",합계,소계,1143,9,1561
"2018","합계","성동구",합계,00시-02시,71,-,97
"2018","합계","성동구",합계,02시-04시,54,2,90
"2018","합계","성동구",합계,04시-06시,57,1,99
"2018","합계","성동구",합계,06시-08시,66,-,80
"2018","합계","성동구",합계,08시-10시,109,1,134
"2018","합계","성동구",합계,10시-12시,103,1,147
"2018","합계","성동구",합계,12시-14시,96,-,132
"2018","합계","성동구",합계,14시-16시,119,-,153
"2018","합계","성동구",합계,16시-18시,122,2,144
"2018","합계","성동구",합계,18시-20시,129,1,183
"2018","합계","성동구",합계,20시-22시,112,1,147
"2018","합계","성동구",합계,22시-24시,105,-,155
"2018","합계","광진구",합계,소계,1108,10,1474
"2018","합계","광진구",합계,00시-02시,104,1,151
"2018","합계","광진구",합계,02시-04시,51,-,83
"2018","합계","광진구",합계,04시-06시,34,1,40
"2018","합계","광진구",합계,06시-08시,64,2,97
"2018","합계","광진구",합계,08시-10시,107,1,121
"2018","합계","광진구",합계,10시-12시,89,-,130
"2018","합계","광진구",합계,12시-14시,104,2,126
"2018","합계","광진구",합계,14시-16시,98,-,126
"2018","합계","광진구",합계,16시-18시,107,3,137
"2018","합계","광진구",합계,18시-20시,103,-,129
"2018","합계","광진구",합계,20시-22시,124,-,163
"2018","합계","광진구",합계,22시-24시,123,-,171
"2018","합계","동대문구",합계,소계,1699,14,2160
"2018","합계","동대문구",합계,00시-02시,70,1,103
"2018","합계","동대문구",합계,02시-04시,46,2,59
"2018","합계","동대문구",합계,04시-06시,58,2,76
"2018","합계","동대문구",합계,06시-08시,102,2,118
"2018","합계","동대문구",합계,08시-10시,170,-,222
"2018","합계","동대문구",합계,10시-12시,160,-,215
"2018","합계","동대문구",합계,12시-14시,183,2,211
"2018","합계","동대문구",합계,14시-16시,195,1,248
"2018","합계","동대문구",합계,16시-18시,212,2,260
"2018","합계","동대문구",합계,18시-20시,196,-,233
"2018","합계","동대문구",합계,20시-22시,170,1,212
"2018","합계","동대문구",합계,22시-24시,137,1,203
"2018","합계","중랑구",합계,소계,1565,10,2135
"2018","합계","중랑구",합계,00시-02시,86,1,132
"2018","합계","중랑구",합계,02시-04시,39,-,48
"2018","합계","중랑구",합계,04시-06시,75,1,116
"2018","합계","중랑구",합계,06시-08시,73,1,109
"2018","합계","중랑구",합계,08시-10시,135,-,185
"2018","합계","중랑구",합계,10시-12시,128,1,163
"2018","합계","중랑구",합계,12시-14시,148,1,216
"2018","합계","중랑구",합계,14시-16시,162,1,194
"2018","합계","중랑구",합계,16시-18시,204,-,253
"2018","합계","중랑구",합계,18시-20시,217,2,296
"2018","합계","중랑구",합계,20시-22시,169,2,238
"2018","합계","중랑구",합계,22시-24시,129,-,185
"2018","합계","성북구",합계,소계,1427,14,1980
"2018","합계","성북구",합계,00시-02시,97,1,164
"2018","합계","성북구",합계,02시-04시,70,1,124
"2018","합계","성북구",합계,04시-06시,53,2,71
"2018","합계","성북구",합계,06시-08시,64,-,94
"2018","합계","성북구",합계,08시-10시,144,1,195
"2018","합계","성북구",합계,10시-12시,110,1,145
"2018","합계","성북구",합계,12시-14시,149,1,196
"2018","합계","성북구",합계,14시-16시,148,2,201
"2018","합계","성북구",합계,16시-18시,156,1,205
"2018","합계","성북구",합계,18시-20시,189,-,253
"2018","합계","성북구",합계,20시-22시,116,2,150
"2018","합계","성북구",합계,22시-24시,131,2,182
"2018","합계","강북구",합계,소계,1216,13,1633
"2018","합계","강북구",합계,00시-02시,80,2,103
"2018","합계","강북구",합계,02시-04시,74,-,103
"2018","합계","강북구",합계,04시-06시,61,3,96
"2018","합계","강북구",합계,06시-08시,64,4,82
"2018","합계","강북구",합계,08시-10시,99,-,128
"2018","합계","강북구",합계,10시-12시,113,1,130
"2018","합계","강북구",합계,12시-14시,107,-,147
"2018","합계","강북구",합계,14시-16시,115,-,136
"2018","합계","강북구",합계,16시-18시,134,-,165
"2018","합계","강북구",합계,18시-20시,142,-,196
"2018","합계","강북구",합계,20시-22시,118,3,204
"2018","합계","강북구",합계,22시-24시,109,-,143
"2018","합계","도봉구",합계,소계,824,6,1061
"2018","합계","도봉구",합계,00시-02시,30,-,48
"2018","합계","도봉구",합계,02시-04시,30,-,48
"2018","합계","도봉구",합계,04시-06시,25,-,41
"2018","합계","도봉구",합계,06시-08시,42,-,56
"2018","합계","도봉구",합계,08시-10시,84,-,117
"2018","합계","도봉구",합계,10시-12시,69,-,94
"2018","합계","도봉구",합계,12시-14시,71,-,79
"2018","합계","도봉구",합계,14시-16시,90,1,102
"2018","합계","도봉구",합계,16시-18시,120,2,156
"2018","합계","도봉구",합계,18시-20시,125,3,144
"2018","합계","도봉구",합계,20시-22시,72,-,87
"2018","합계","도봉구",합계,22시-24시,66,-,89
"2018","합계","노원구",합계,소계,1569,14,2227
"2018","합계","노원구",합계,00시-02시,106,2,174
"2018","합계","노원구",합계,02시-04시,55,3,92
"2018","합계","노원구",합계,04시-06시,75,2,103
"2018","합계","노원구",합계,06시-08시,91,-,118
"2018","합계","노원구",합계,08시-10시,141,1,193
"2018","합계","노원구",합계,10시-12시,139,2,198
"2018","합계","노원구",합계,12시-14시,154,1,201
"2018","합계","노원구",합계,14시-16시,150,1,225
"2018","합계","노원구",합계,16시-18시,192,1,251
"2018","합계","노원구",합계,18시-20시,181,-,241
"2018","합계","노원구",합계,20시-22시,166,1,251
"2018","합계","노원구",합계,22시-24시,119,-,180
"2018","합계","은평구",합계,소계,1134,12,1580
"2018","합계","은평구",합계,00시-02시,86,2,129
"2018","합계","은평구",합계,02시-04시,53,2,76
"2018","합계","은평구",합계,04시-06시,32,-,42
"2018","합계","은평구",합계,06시-08시,78,-,110
"2018","합계","은평구",합계,08시-10시,108,1,159
"2018","합계","은평구",합계,10시-12시,106,2,140
"2018","합계","은평구",합계,12시-14시,107,2,140
"2018","합계","은평구",합계,14시-16시,121,1,164
"2018","합계","은평구",합계,16시-18시,125,-,168
"2018","합계","은평구",합계,18시-20시,125,1,177
"2018","합계","은평구",합계,20시-22시,103,-,151
"2018","합계","은평구",합계,22시-24시,90,1,124
"2018","합계","서대문구",합계,소계,1033,5,1403
"2018","합계","서대문구",합계,00시-02시,71,1,104
"2018","합계","서대문구",합계,02시-04시,45,-,65
"2018","합계","서대문구",합계,04시-06시,33,-,41
"2018","합계","서대문구",합계,06시-08시,55,1,86
"2018","합계","서대문구",합계,08시-10시,104,-,133
"2018","합계","서대문구",합계,10시-12시,97,-,129
"2018","합계","서대문구",합계,12시-14시,93,-,139
"2018","합계","서대문구",합계,14시-16시,102,-,136
"2018","합계","서대문구",합계,16시-18시,122,-,152
"2018","합계","서대문구",합계,18시-20시,123,-,149
"2018","합계","서대문구",합계,20시-22시,102,1,148
"2018","합계","서대문구",합계,22시-24시,86,2,121
"2018","합계","마포구",합계,소계,1671,11,2429
"2018","합계","마포구",합계,00시-02시,154,1,246
"2018","합계","마포구",합계,02시-04시,97,3,148
"2018","합계","마포구",합계,04시-06시,83,1,131
"2018","합계","마포구",합계,06시-08시,92,1,119
"2018","합계","마포구",합계,08시-10시,127,1,184
"2018","합계","마포구",합계,10시-12시,123,2,175
"2018","합계","마포구",합계,12시-14시,157,-,235
"2018","합계","마포구",합계,14시-16시,150,-,210
"2018","합계","마포구",합계,16시-18시,141,1,185
"2018","합계","마포구",합계,18시-20시,215,-,317
"2018","합계","마포구",합계,20시-22시,170,1,231
"2018","합계","마포구",합계,22시-24시,162,-,248
"2018","합계","양천구",합계,소계,1428,11,1939
"2018","합계","양천구",합계,00시-02시,86,3,136
"2018","합계","양천구",합계,02시-04시,45,1,67
"2018","합계","양천구",합계,04시-06시,60,4,89
"2018","합계","양천구",합계,06시-08시,102,-,137
"2018","합계","양천구",합계,08시-10시,128,1,152
"2018","합계","양천구",합계,10시-12시,125,-,163
"2018","합계","양천구",합계,12시-14시,127,-,166
"2018","합계","양천구",합계,14시-16시,142,1,181
"2018","합계","양천구",합계,16시-18시,165,-,212
"2018","합계","양천구",합계,18시-20시,176,-,247
"2018","합계","양천구",합계,20시-22시,141,-,191
"2018","합계","양천구",합계,22시-24시,131,1,198
"2018","합계","강서구",합계,소계,1502,11,2208
"2018","합계","강서구",합계,00시-02시,95,1,153
"2018","합계","강서구",합계,02시-04시,67,2,108
"2018","합계","강서구",합계,04시-06시,82,1,132
"2018","합계","강서구",합계,06시-08시,96,1,134
"2018","합계","강서구",합계,08시-10시,145,-,199
"2018","합계","강서구",합계,10시-12시,119,-,163
"2018","합계","강서구",합계,12시-14시,130,-,184
"2018","합계","강서구",합계,14시-16시,132,-,179
"2018","합계","강서구",합계,16시-18시,176,2,244
"2018","합계","강서구",합계,18시-20시,165,2,243
"2018","합계","강서구",합계,20시-22시,171,-,282
"2018","합계","강서구",합계,22시-24시,124,2,187
"2018","합계","구로구",합계,소계,1532,13,2129
"2018","합계","구로구",합계,00시-02시,99,-,170
"2018","합계","구로구",합계,02시-04시,53,-,67
"2018","합계","구로구",합계,04시-06시,71,1,99
"2018","합계","구로구",합계,06시-08시,90,2,111
"2018","합계","구로구",합계,08시-10시,132,-,178
"2018","합계","구로구",합계,10시-12시,124,1,175
"2018","합계","구로구",합계,12시-14시,133,-,188
"2018","합계","구로구",합계,14시-16시,169,2,228
"2018","합계","구로구",합계,16시-18시,189,-,253
"2018","합계","구로구",합계,18시-20시,180,-,223
"2018","합계","구로구",합계,20시-22시,159,5,237
"2018","합계","구로구",합계,22시-24시,133,2,200
"2018","합계","금천구",합계,소계,932,6,1326
"2018","합계","금천구",합계,00시-02시,70,-,96
"2018","합계","금천구",합계,02시-04시,41,2,70
"2018","합계","금천구",합계,04시-06시,39,-,58
"2018","합계","금천구",합계,06시-08시,62,-,89
"2018","합계","금천구",합계,08시-10시,78,-,105
"2018","합계","금천구",합계,10시-12시,74,-,92
"2018","합계","금천구",합계,12시-14시,62,-,89
"2018","합계","금천구",합계,14시-16시,78,2,98
"2018","합계","금천구",합계,16시-18시,106,-,194
"2018","합계","금천구",합계,18시-20시,128,1,173
"2018","합계","금천구",합계,20시-22시,99,-,134
"2018","합계","금천구",합계,22시-24시,95,1,128
"2018","합계","영등포구",합계,소계,2493,22,3532
"2018","합계","영등포구",합계,00시-02시,163,3,278
"2018","합계","영등포구",합계,02시-04시,101,1,159
"2018","합계","영등포구",합계,04시-06시,97,1,142
"2018","합계","영등포구",합계,06시-08시,134,3,183
"2018","합계","영등포구",합계,08시-10시,260,4,343
"2018","합계","영등포구",합계,10시-12시,213,1,270
"2018","합계","영등포구",합계,12시-14시,212,-,302
"2018","합계","영등포구",합계,14시-16시,229,2,305
"2018","합계","영등포구",합계,16시-18시,270,-,376
"2018","합계","영등포구",합계,18시-20시,322,2,430
"2018","합계","영등포구",합계,20시-22시,237,1,365
"2018","합계","영등포구",합계,22시-24시,255,4,379
"2018","합계","동작구",합계,소계,1412,9,1892
"2018","합계","동작구",합계,00시-02시,90,-,140
"2018","합계","동작구",합계,02시-04시,55,-,93
"2018","합계","동작구",합계,04시-06시,55,2,74
"2018","합계","동작구",합계,06시-08시,75,-,99
"2018","합계","동작구",합계,08시-10시,166,1,208
"2018","합계","동작구",합계,10시-12시,110,-,151
"2018","합계","동작구",합계,12시-14시,127,1,164
"2018","합계","동작구",합계,14시-16시,131,2,186
"2018","합계","동작구",합계,16시-18시,135,2,169
"2018","합계","동작구",합계,18시-20시,188,-,229
"2018","합계","동작구",합계,20시-22시,147,-,194
"2018","합계","동작구",합계,22시-24시,133,1,185
"2018","합계","관악구",합계,소계,1300,8,1717
"2018","합계","관악구",합계,00시-02시,113,2,158
"2018","합계","관악구",합계,02시-04시,78,-,120
"2018","합계","관악구",합계,04시-06시,56,1,81
"2018","합계","관악구",합계,06시-08시,76,-,103
"2018","합계","관악구",합계,08시-10시,109,-,139
"2018","합계","관악구",합계,10시-12시,117,1,139
"2018","합계","관악구",합계,12시-14시,104,-,120
"2018","합계","관악구",합계,14시-16시,122,-,156
"2018","합계","관악구",합계,16시-18시,134,-,178
"2018","합계","관악구",합계,18시-20시,141,1,168
"2018","합계","관악구",합계,20시-22시,129,2,167
"2018","합계","관악구",합계,22시-24시,121,1,188
"2018","합계","서초구",합계,소계,2478,18,3640
"2018","합계","서초구",합계,00시-02시,131,1,197
"2018","합계","서초구",합계,02시-04시,98,1,156
"2018","합계","서초구",합계,04시-06시,106,4,163
"2018","합계","서초구",합계,06시-08시,142,2,208
"2018","합계","서초구",합계,08시-10시,240,-,336
"2018","합계","서초구",합계,10시-12시,262,2,388
"2018","합계","서초구",합계,12시-14시,251,1,397
"2018","합계","서초구",합계,14시-16시,226,-,325
"2018","합계","서초구",합계,16시-18시,279,-,385
"2018","합계","서초구",합계,18시-20시,289,2,430
"2018","합계","서초구",합계,20시-22시,216,1,310
"2018","합계","서초구",합계,22시-24시,238,4,345
"2018","합계","강남구",합계,소계,3459,20,4967
"2018","합계","강남구",합계,00시-02시,299,3,463
"2018","합계","강남구",합계,02시-04시,213,2,335
"2018","합계","강남구",합계,04시-06시,164,5,229
"2018","합계","강남구",합계,06시-08시,169,3,234
"2018","합계","강남구",합계,08시-10시,296,2,405
"2018","합계","강남구",합계,10시-12시,317,-,434
"2018","합계","강남구",합계,12시-14시,337,2,480
"2018","합계","강남구",합계,14시-16시,344,-,479
"2018","합계","강남구",합계,16시-18시,317,1,426
"2018","합계","강남구",합계,18시-20시,389,-,538
"2018","합계","강남구",합계,20시-22시,295,-,421
"2018","합계","강남구",합계,22시-24시,319,2,523
"2018","합계","송파구",합계,소계,2860,27,3932
"2018","합계","송파구",합계,00시-02시,170,1,248
"2018","합계","송파구",합계,02시-04시,111,4,161
"2018","합계","송파구",합계,04시-06시,95,1,145
"2018","합계","송파구",합계,06시-08시,166,6,245
"2018","합계","송파구",합계,08시-10시,261,1,346
"2018","합계","송파구",합계,10시-12시,245,2,331
"2018","합계","송파구",합계,12시-14시,258,2,337
"2018","합계","송파구",합계,14시-16시,329,-,461
"2018","합계","송파구",합계,16시-18시,321,5,437
"2018","합계","송파구",합계,18시-20시,356,-,460
"2018","합계","송파구",합계,20시-22시,297,2,389
"2018","합계","송파구",합계,22시-24시,251,3,372
"2018","합계","강동구",합계,소계,1418,12,1922
"2018","합계","강동구",합계,00시-02시,70,-,99
"2018","합계","강동구",합계,02시-04시,57,-,87
"2018","합계","강동구",합계,04시-06시,51,2,70
"2018","합계","강동구",합계,06시-08시,81,1,119
"2018","합계","강동구",합계,08시-10시,134,2,188
"2018","합계","강동구",합계,10시-12시,136,1,193
"2018","합계","강동구",합계,12시-14시,130,2,165
"2018","합계","강동구",합계,14시-16시,142,-,194
"2018","합계","강동구",합계,16시-18시,175,-,215
"2018","합계","강동구",합계,18시-20시,181,2,230
"2018","합계","강동구",합계,20시-22시,123,1,166
"2018","합계","강동구",합계,22시-24시,138,1,196
"2019","합계","소계",합계,소계,39258,250,53904
"2019","합계","소계",합계,00시-02시,2239,31,3288
"2019","합계","소계",합계,02시-04시,1384,23,1989
"2019","합계","소계",합계,04시-06시,1389,34,2016
"2019","합계","소계",합계,06시-08시,2009,21,2729
"2019","합계","소계",합계,08시-10시,3845,16,5120
"2019","합계","소계",합계,10시-12시,3543,15,4798
"2019","합계","소계",합계,12시-14시,3947,18,5360
"2019","합계","소계",합계,14시-16시,4194,20,5709
"2019","합계","소계",합계,16시-18시,4699,13,6368
"2019","합계","소계",합계,18시-20시,4995,16,6581
"2019","합계","소계",합계,20시-22시,3773,17,5239
"2019","합계","소계",합계,22시-24시,3241,26,4707
"2019","합계","종로구",합계,소계,1133,6,1559
"2019","합계","종로구",합계,00시-02시,63,1,82
"2019","합계","종로구",합계,02시-04시,40,1,54
"2019","합계","종로구",합계,04시-06시,36,-,64
"2019","합계","종로구",합계,06시-08시,63,-,86
"2019","합계","종로구",합계,08시-10시,106,-,137
"2019","합계","종로구",합계,10시-12시,109,-,137
"2019","합계","종로구",합계,12시-14시,129,1,166
"2019","합계","종로구",합계,14시-16시,127,-,189
"2019","합계","종로구",합계,16시-18시,119,-,172
"2019","합계","종로구",합계,18시-20시,141,2,198
"2019","합계","종로구",합계,20시-22시,96,-,129
"2019","합계","종로구",합계,22시-24시,104,1,145
"2019","합계","중구",합계,소계,1184,5,1615
"2019","합계","중구",합계,00시-02시,65,-,92
"2019","합계","중구",합계,02시-04시,35,-,48
"2019","합계","중구",합계,04시-06시,43,1,59
"2019","합계","중구",합계,06시-08시,53,-,67
"2019","합계","중구",합계,08시-10시,101,-,129
"2019","합계","중구",합계,10시-12시,122,1,154
"2019","합계","중구",합계,12시-14시,146,1,197
"2019","합계","중구",합계,14시-16시,157,1,205
"2019","합계","중구",합계,16시-18시,140,1,181
"2019","합계","중구",합계,18시-20시,124,-,196
"2019","합계","중구",합계,20시-22시,113,-,178
"2019","합계","중구",합계,22시-24시,85,-,109
"2019","합계","용산구",합계,소계,1187,10,1614
"2019","합계","용산구",합계,00시-02시,95,2,151
"2019","합계","용산구",합계,02시-04시,65,1,95
"2019","합계","용산구",합계,04시-06시,67,2,92
"2019","합계","용산구",합계,06시-08시,59,2,70
"2019","합계","용산구",합계,08시-10시,94,-,115
"2019","합계","용산구",합계,10시-12시,97,-,132
"2019","합계","용산구",합계,12시-14시,117,-,159
"2019","합계","용산구",합계,14시-16시,127,2,162
"2019","합계","용산구",합계,16시-18시,113,-,166
"2019","합계","용산구",합계,18시-20시,156,-,209
"2019","합계","용산구",합계,20시-22시,99,1,129
"2019","합계","용산구",합계,22시-24시,98,-,134
"2019","합계","성동구",합계,소계,1091,13,1439
"2019","합계","성동구",합계,00시-02시,62,2,92
"2019","합계","성동구",합계,02시-04시,34,1,50
"2019","합계","성동구",합계,04시-06시,29,1,40
"2019","합계","성동구",합계,06시-08시,53,2,61
"2019","합계","성동구",합계,08시-10시,121,-,157
"2019","합계","성동구",합계,10시-12시,109,2,148
"2019","합계","성동구",합계,12시-14시,119,1,165
"2019","합계","성동구",합계,14시-16시,118,1,141
"2019","합계","성동구",합계,16시-18시,128,-,177
"2019","합계","성동구",합계,18시-20시,139,1,176
"2019","합계","성동구",합계,20시-22시,91,1,107
"2019","합계","성동구",합계,22시-24시,88,1,125
"2019","합계","광진구",합계,소계,973,3,1316
"2019","합계","광진구",합계,00시-02시,73,-,117
"2019","합계","광진구",합계,02시-04시,39,1,50
"2019","합계","광진구",합계,04시-06시,33,-,46
"2019","합계","광진구",합계,06시-08시,54,-,75
"2019","합계","광진구",합계,08시-10시,78,-,109
"2019","합계","광진구",합계,10시-12시,81,-,102
"2019","합계","광진구",합계,12시-14시,84,-,102
"2019","합계","광진구",합계,14시-16시,103,-,130
"2019","합계","광진구",합계,16시-18시,133,-,175
"2019","합계","광진구",합계,18시-20시,113,-,152
"2019","합계","광진구",합계,20시-22시,95,1,123
"2019","합계","광진구",합계,22시-24시,87,1,135
"2019","합계","동대문구",합계,소계,1565,15,1988
"2019","합계","동대문구",합계,00시-02시,83,1,123
"2019","합계","동대문구",합계,02시-04시,44,-,63
"2019","합계","동대문구",합계,04시-06시,39,3,42
"2019","합계","동대문구",합계,06시-08시,74,2,88
"2019","합계","동대문구",합계,08시-10시,165,1,201
"2019","합계","동대문구",합계,10시-12시,162,-,197
"2019","합계","동대문구",합계,12시-14시,178,-,229
"2019","합계","동대문구",합계,14시-16시,175,1,212
"2019","합계","동대문구",합계,16시-18시,197,1,249
"2019","합계","동대문구",합계,18시-20시,195,-,247
"2019","합계","동대문구",합계,20시-22시,131,2,182
"2019","합계","동대문구",합계,22시-24시,122,4,155
"2019","합계","중랑구",합계,소계,1620,12,2122
"2019","합계","중랑구",합계,00시-02시,82,1,114
"2019","합계","중랑구",합계,02시-04시,45,2,68
"2019","합계","중랑구",합계,04시-06시,57,1,67
"2019","합계","중랑구",합계,06시-08시,81,2,110
"2019","합계","중랑구",합계,08시-10시,173,3,217
"2019","합계","중랑구",합계,10시-12시,139,-,180
"2019","합계","중랑구",합계,12시-14시,172,-,205
"2019","합계","중랑구",합계,14시-16시,163,1,214
"2019","합계","중랑구",합계,16시-18시,197,1,262
"2019","합계","중랑구",합계,18시-20시,228,-,323
"2019","합계","중랑구",합계,20시-22시,160,-,205
"2019","합계","중랑구",합계,22시-24시,123,1,157
"2019","합계","성북구",합계,소계,1509,8,2007
"2019","합계","성북구",합계,00시-02시,78,-,129
"2019","합계","성북구",합계,02시-04시,50,1,74
"2019","합계","성북구",합계,04시-06시,62,1,87
"2019","합계","성북구",합계,06시-08시,78,3,84
"2019","합계","성북구",합계,08시-10시,164,1,221
"2019","합계","성북구",합계,10시-12시,156,-,220
"2019","합계","성북구",합계,12시-14시,140,1,193
"2019","합계","성북구",합계,14시-16시,151,-,194
"2019","합계","성북구",합계,16시-18시,187,-,241
"2019","합계","성북구",합계,18시-20시,197,-,243
"2019","합계","성북구",합계,20시-22시,130,1,161
"2019","합계","성북구",합계,22시-24시,116,-,160
"2019","합계","강북구",합계,소계,1277,7,1706
"2019","합계","강북구",합계,00시-02시,79,2,116
"2019","합계","강북구",합계,02시-04시,52,-,75
"2019","합계","강북구",합계,04시-06시,50,-,68
"2019","합계","강북구",합계,06시-08시,63,-,88
"2019","합계","강북구",합계,08시-10시,118,1,153
"2019","합계","강북구",합계,10시-12시,97,1,126
"2019","합계","강북구",합계,12시-14시,128,-,163
"2019","합계","강북구",합계,14시-16시,132,-,168
"2019","합계","강북구",합계,16시-18시,131,-,173
"2019","합계","강북구",합계,18시-20시,173,2,221
"2019","합계","강북구",합계,20시-22시,150,-,204
"2019","합계","강북구",합계,22시-24시,104,1,151
"2019","합계","도봉구",합계,소계,852,4,1163
"2019","합계","도봉구",합계,00시-02시,43,-,62
"2019","합계","도봉구",합계,02시-04시,24,-,38
"2019","합계","도봉구",합계,04시-06시,22,1,28
"2019","합계","도봉구",합계,06시-08시,37,-,52
"2019","합계","도봉구",합계,08시-10시,76,-,113
"2019","합계","도봉구",합계,10시-12시,67,1,83
"2019","합계","도봉구",합계,12시-14시,96,-,133
"2019","합계","도봉구",합계,14시-16시,100,-,133
"2019","합계","도봉구",합계,16시-18시,108,-,127
"2019","합계","도봉구",합계,18시-20시,121,-,158
"2019","합계","도봉구",합계,20시-22시,91,-,132
"2019","합계","도봉구",합계,22시-24시,67,2,104
"2019","합계","노원구",합계,소계,1703,8,2302
"2019","합계","노원구",합계,00시-02시,74,-,109
"2019","합계","노원구",합계,02시-04시,47,-,67
"2019","합계","노원구",합계,04시-06시,50,2,64
"2019","합계","노원구",합계,06시-08시,97,-,123
"2019","합계","노원구",합계,08시-10시,177,2,232
"2019","합계","노원구",합계,10시-12시,160,-,226
"2019","합계","노원구",합계,12시-14시,167,1,236
"2019","합계","노원구",합계,14시-16시,200,-,280
"2019","합계","노원구",합계,16시-18시,221,-,309
"2019","합계","노원구",합계,18시-20시,222,1,277
"2019","합계","노원구",합계,20시-22시,170,-,219
"2019","합계","노원구",합계,22시-24시,118,2,160
"2019","합계","은평구",합계,소계,1119,7,1464
"2019","합계","은평구",합계,00시-02시,53,-,77
"2019","합계","은평구",합계,02시-04시,34,-,46
"2019","합계","은평구",합계,04시-06시,30,-,42
"2019","합계","은평구",합계,06시-08시,67,-,86
"2019","합계","은평구",합계,08시-10시,111,-,139
"2019","합계","은평구",합계,10시-12시,101,1,129
"2019","합계","은평구",합계,12시-14시,110,-,150
"2019","합계","은평구",합계,14시-16시,132,2,161
"2019","합계","은평구",합계,16시-18시,131,2,174
"2019","합계","은평구",합계,18시-20시,136,-,179
"2019","합계","은평구",합계,20시-22시,129,1,155
"2019","합계","은평구",합계,22시-24시,85,1,126
"2019","합계","서대문구",합계,소계,1113,14,1609
"2019","합계","서대문구",합계,00시-02시,62,-,83
"2019","합계","서대문구",합계,02시-04시,43,1,51
"2019","합계","서대문구",합계,04시-06시,44,1,63
"2019","합계","서대문구",합계,06시-08시,64,1,83
"2019","합계","서대문구",합계,08시-10시,120,1,232
"2019","합계","서대문구",합계,10시-12시,100,2,153
"2019","합계","서대문구",합계,12시-14시,112,2,171
"2019","합계","서대문구",합계,14시-16시,116,2,160
"2019","합계","서대문구",합계,16시-18시,132,-,186
"2019","합계","서대문구",합계,18시-20시,146,1,185
"2019","합계","서대문구",합계,20시-22시,93,3,144
"2019","합계","서대문구",합계,22시-24시,81,-,98
"2019","합계","마포구",합계,소계,1494,7,2123
"2019","합계","마포구",합계,00시-02시,88,-,125
"2019","합계","마포구",합계,02시-04시,73,1,112
"2019","합계","마포구",합계,04시-06시,69,1,121
"2019","합계","마포구",합계,06시-08시,76,1,111
"2019","합계","마포구",합계,08시-10시,135,1,198
"2019","합계","마포구",합계,10시-12시,121,-,159
"2019","합계","마포구",합계,12시-14시,142,1,192
"2019","합계","마포구",합계,14시-16시,147,-,203
"2019","합계","마포구",합계,16시-18시,155,-,201
"2019","합계","마포구",합계,18시-20시,171,-,225
"2019","합계","마포구",합계,20시-22시,165,-,241
"2019","합계","마포구",합계,22시-24시,152,2,235
"2019","합계","양천구",합계,소계,1506,11,2085
"2019","합계","양천구",합계,00시-02시,75,1,117
"2019","합계","양천구",합계,02시-04시,32,1,50
"2019","합계","양천구",합계,04시-06시,62,2,89
"2019","합계","양천구",합계,06시-08시,86,1,122
"2019","합계","양천구",합계,08시-10시,181,1,254
"2019","합계","양천구",합계,10시-12시,147,1,211
"2019","합계","양천구",합계,12시-14시,141,-,189
"2019","합계","양천구",합계,14시-16시,159,-,214
"2019","합계","양천구",합계,16시-18시,188,1,268
"2019","합계","양천구",합계,18시-20시,185,1,222
"2019","합계","양천구",합계,20시-22시,146,2,204
"2019","합계","양천구",합계,22시-24시,104,-,145
"2019","합계","강서구",합계,소계,1829,20,2491
"2019","합계","강서구",합계,00시-02시,111,2,152
"2019","합계","강서구",합계,02시-04시,55,3,68
"2019","합계","강서구",합계,04시-06시,77,3,95
"2019","합계","강서구",합계,06시-08시,102,1,143
"2019","합계","강서구",합계,08시-10시,181,2,228
"2019","합계","강서구",합계,10시-12시,157,-,206
"2019","합계","강서구",합계,12시-14시,193,3,261
"2019","합계","강서구",합계,14시-16시,168,1,262
"2019","합계","강서구",합계,16시-18시,225,2,295
"2019","합계","강서구",합계,18시-20시,236,3,316
"2019","합계","강서구",합계,20시-22시,164,-,249
"2019","합계","강서구",합계,22시-24시,160,-,216
"2019","합계","구로구",합계,소계,1529,13,2096
"2019","합계","구로구",합계,00시-02시,88,3,149
"2019","합계","구로구",합계,02시-04시,46,2,63
"2019","합계","구로구",합계,04시-06시,53,1,76
"2019","합계","구로구",합계,06시-08시,75,3,89
"2019","합계","구로구",합계,08시-10시,151,1,197
"2019","합계","구로구",합계,10시-12시,147,-,200
"2019","합계","구로구",합계,12시-14시,135,1,177
"2019","합계","구로구",합계,14시-16시,136,-,186
"2019","합계","구로구",합계,16시-18시,193,1,265
"2019","합계","구로구",합계,18시-20시,238,-,309
"2019","합계","구로구",합계,20시-22시,146,-,213
"2019","합계","구로구",합계,22시-24시,121,1,172
"2019","합계","금천구",합계,소계,920,9,1353
"2019","합계","금천구",합계,00시-02시,47,-,74
"2019","합계","금천구",합계,02시-04시,34,1,41
"2019","합계","금천구",합계,04시-06시,38,-,78
"2019","합계","금천구",합계,06시-08시,46,-,70
"2019","합계","금천구",합계,08시-10시,81,-,105
"2019","합계","금천구",합계,10시-12시,77,2,96
"2019","합계","금천구",합계,12시-14시,92,1,142
"2019","합계","금천구",합계,14시-16시,79,1,102
"2019","합계","금천구",합계,16시-18시,94,1,140
"2019","합계","금천구",합계,18시-20시,139,-,194
"2019","합계","금천구",합계,20시-22시,117,2,189
"2019","합계","금천구",합계,22시-24시,76,1,122
"2019","합계","영등포구",합계,소계,2439,11,3451
"2019","합계","영등포구",합계,00시-02시,134,2,190
"2019","합계","영등포구",합계,02시-04시,91,2,146
"2019","합계","영등포구",합계,04시-06시,83,3,135
"2019","합계","영등포구",합계,06시-08시,106,1,152
"2019","합계","영등포구",합계,08시-10시,243,1,301
"2019","합계","영등포구",합계,10시-12시,223,-,311
"2019","합계","영등포구",합계,12시-14시,264,-,356
"2019","합계","영등포구",합계,14시-16시,281,1,391
"2019","합계","영등포구",합계,16시-18시,275,-,379
"2019","합계","영등포구",합계,18시-20시,304,1,420
"2019","합계","영등포구",합계,20시-22시,221,-,307
"2019","합계","영등포구",합계,22시-24시,214,-,363
"2019","합계","동작구",합계,소계,1406,5,2021
"2019","합계","동작구",합계,00시-02시,84,3,124
"2019","합계","동작구",합계,02시-04시,41,-,67
"2019","합계","동작구",합계,04시-06시,40,1,61
"2019","합계","동작구",합계,06시-08시,70,-,97
"2019","합계","동작구",합계,08시-10시,146,-,180
"2019","합계","동작구",합계,10시-12시,136,1,211
"2019","합계","동작구",합계,12시-14시,130,-,172
"2019","합계","동작구",합계,14시-16시,165,-,259
"2019","합계","동작구",합계,16시-18시,172,-,251
"2019","합계","동작구",합계,18시-20시,184,-,246
"2019","합계","동작구",합계,20시-22시,125,-,181
"2019","합계","동작구",합계,22시-24시,113,-,172
"2019","합계","관악구",합계,소계,1363,10,1755
"2019","합계","관악구",합계,00시-02시,102,1,142
"2019","합계","관악구",합계,02시-04시,60,1,76
"2019","합계","관악구",합계,04시-06시,54,-,72
"2019","합계","관악구",합계,06시-08시,74,-,96
"2019","합계","관악구",합계,08시-10시,119,-,154
"2019","합계","관악구",합계,10시-12시,108,1,149
"2019","합계","관악구",합계,12시-14시,120,2,149
"2019","합계","관악구",합계,14시-16시,128,-,154
"2019","합계","관악구",합계,16시-18시,163,-,212
"2019","합계","관악구",합계,18시-20시,155,2,182
"2019","합계","관악구",합계,20시-22시,140,2,193
"2019","합계","관악구",합계,22시-24시,140,1,176
"2019","합계","서초구",합계,소계,2418,14,3530
"2019","합계","서초구",합계,00시-02시,130,3,185
"2019","합계","서초구",합계,02시-04시,93,2,138
"2019","합계","서초구",합계,04시-06시,73,2,109
"2019","합계","서초구",합계,06시-08시,135,-,195
"2019","합계","서초구",합계,08시-10시,231,1,317
"2019","합계","서초구",합계,10시-12시,242,1,349
"2019","합계","서초구",합계,12시-14시,259,-,382
"2019","합계","서초구",합계,14시-16시,265,3,407
"2019","합계","서초구",합계,16시-18시,303,-,417
"2019","합계","서초구",합계,18시-20시,274,-,371
"2019","합계","서초구",합계,20시-22시,219,1,309
"2019","합계","서초구",합계,22시-24시,194,1,351
"2019","합계","강남구",합계,소계,3722,14,5182
"2019","합계","강남구",합계,00시-02시,247,3,355
"2019","합계","강남구",합계,02시-04시,177,1,274
"2019","합계","강남구",합계,04시-06시,133,2,220
"2019","합계","강남구",합계,06시-08시,169,-,233
"2019","합계","강남구",합계,08시-10시,304,-,413
"2019","합계","강남구",합계,10시-12시,312,-,409
"2019","합계","강남구",합계,12시-14시,392,2,544
"2019","합계","강남구",합계,14시-16시,383,1,505
"2019","합계","강남구",합계,16시-18시,474,1,657
"2019","합계","강남구",합계,18시-20시,471,1,631
"2019","합계","강남구",합계,20시-22시,341,-,478
"2019","합계","강남구",합계,22시-24시,319,3,463
"2019","합계","송파구",합계,소계,2892,13,4003
"2019","합계","송파구",합계,00시-02시,162,2,248
"2019","합계","송파구",합계,02시-04시,87,-,113
"2019","합계","송파구",합계,04시-06시,88,3,127
"2019","합계","송파구",합계,06시-08시,141,1,227
"2019","합계","송파구",합계,08시-10시,311,-,420
"2019","합계","송파구",합계,10시-12시,262,1,353
"2019","합계","송파구",합계,12시-14시,263,1,358
"2019","합계","송파구",합계,14시-16시,311,1,449
"2019","합계","송파구",합계,16시-18시,347,1,472
"2019","합계","송파구",합계,18시-20시,373,-,485
"2019","합계","송파구",합계,20시-22시,297,-,401
"2019","합계","송파구",합계,22시-24시,250,3,350
"2019","합계","강동구",합계,소계,1414,11,1910
"2019","합계","강동구",합계,00시-02시,59,2,80
"2019","합계","강동구",합계,02시-04시,43,1,62
"2019","합계","강동구",합계,04시-06시,57,3,71
"2019","합계","강동구",합계,06시-08시,86,1,121
"2019","합계","강동구",합계,08시-10시,158,-,198
"2019","합계","강동구",합계,10시-12시,111,-,157
"2019","합계","강동구",합계,12시-14시,118,-,169
"2019","합계","강동구",합계,14시-16시,171,2,228
"2019","합계","강동구",합계,16시-18시,173,1,219
"2019","합계","강동구",합계,18시-20시,174,1,216
"2019","합계","강동구",합계,20시-22시,144,-,206
"2019","합계","강동구",합계,22시-24시,120,-,183
"2020","합계","소계",합계,소계,35227,219,47513
"2020","합계","소계",합계,00시-02시,1928,18,2864
"2020","합계","소계",합계,02시-04시,1058,14,1577
"2020","합계","소계",합계,04시-06시,1037,27,1466
"2020","합계","소계",합계,06시-08시,1620,17,2121
"2020","합계","소계",합계,08시-10시,3054,14,3968
"2020","합계","소계",합계,10시-12시,3319,16,4326
"2020","합계","소계",합계,12시-14시,3737,18,4933
"2020","합계","소계",합계,14시-16시,3886,25,5184
"2020","합계","소계",합계,16시-18시,4230,12,5575
"2020","합계","소계",합계,18시-20시,4797,19,6438
"2020","합계","소계",합계,20시-22시,3689,17,5020
"2020","합계","소계",합계,22시-24시,2872,22,4041
"2020","합계","종로구",합계,소계,903,5,1224
"2020","합계","종로구",합계,00시-02시,47,-,63
"2020","합계","종로구",합계,02시-04시,20,-,30
"2020","합계","종로구",합계,04시-06시,23,1,37
"2020","합계","종로구",합계,06시-08시,47,1,73
"2020","합계","종로구",합계,08시-10시,78,-,109
"2020","합계","종로구",합계,10시-12시,104,1,127
"2020","합계","종로구",합계,12시-14시,100,-,134
"2020","합계","종로구",합계,14시-16시,102,1,136
"2020","합계","종로구",합계,16시-18시,95,1,125
"2020","합계","종로구",합계,18시-20시,130,-,176
"2020","합계","종로구",합계,20시-22시,81,-,112
"2020","합계","종로구",합계,22시-24시,76,-,102
"2020","합계","중구",합계,소계,955,6,1248
"2020","합계","중구",합계,00시-02시,62,-,86
"2020","합계","중구",합계,02시-04시,23,1,33
"2020","합계","중구",합계,04시-06시,29,2,32
"2020","합계","중구",합계,06시-08시,45,-,56
"2020","합계","중구",합계,08시-10시,77,-,109
"2020","합계","중구",합계,10시-12시,99,-,118
"2020","합계","중구",합계,12시-14시,112,1,127
"2020","합계","중구",합계,14시-16시,105,1,139
"2020","합계","중구",합계,16시-18시,106,-,151
"2020","합계","중구",합계,18시-20시,119,-,161
"2020","합계","중구",합계,20시-22시,100,-,132
"2020","합계","중구",합계,22시-24시,78,1,104
"2020","합계","용산구",합계,소계,890,12,1178
"2020","합계","용산구",합계,00시-02시,52,2,78
"2020","합계","용산구",합계,02시-04시,28,-,44
"2020","합계","용산구",합계,04시-06시,23,1,33
"2020","합계","용산구",합계,06시-08시,40,1,54
"2020","합계","용산구",합계,08시-10시,67,1,77
"2020","합계","용산구",합계,10시-12시,85,2,95
"2020","합계","용산구",합계,12시-14시,93,-,122
"2020","합계","용산구",합계,14시-16시,102,1,128
"2020","합계","용산구",합계,16시-18시,104,1,127
"2020","합계","용산구",합계,18시-20시,135,1,185
"2020","합계","용산구",합계,20시-22시,93,1,131
"2020","합계","용산구",합계,22시-24시,68,1,104
"2020","합계","성동구",합계,소계,1119,9,1481
"2020","합계","성동구",합계,00시-02시,71,-,112
"2020","합계","성동구",합계,02시-04시,23,1,34
"2020","합계","성동구",합계,04시-06시,30,1,45
"2020","합계","성동구",합계,06시-08시,71,2,91
"2020","합계","성동구",합계,08시-10시,108,-,129
"2020","합계","성동구",합계,10시-12시,96,-,116
"2020","합계","성동구",합계,12시-14시,105,1,137
"2020","합계","성동구",합계,14시-16시,129,2,165
"2020","합계","성동구",합계,16시-18시,107,-,131
"2020","합계","성동구",합계,18시-20시,161,1,223
"2020","합계","성동구",합계,20시-22시,119,1,163
"2020","합계","성동구",합계,22시-24시,99,-,135
"2020","합계","광진구",합계,소계,869,4,1145
"2020","합계","광진구",합계,00시-02시,69,-,103
"2020","합계","광진구",합계,02시-04시,33,-,56
"2020","합계","광진구",합계,04시-06시,30,2,37
"2020","합계","광진구",합계,06시-08시,38,1,43
"2020","합계","광진구",합계,08시-10시,94,-,116
"2020","합계","광진구",합계,10시-12시,78,-,96
"2020","합계","광진구",합계,12시-14시,70,-,80
"2020","합계","광진구",합계,14시-16시,84,-,108
"2020","합계","광진구",합계,16시-18시,84,-,104
"2020","합계","광진구",합계,18시-20시,116,-,151
"2020","합계","광진구",합계,20시-22시,95,1,144
"2020","합계","광진구",합계,22시-24시,78,-,107
"2020","합계","동대문구",합계,소계,1448,10,1845
"2020","합계","동대문구",합계,00시-02시,61,-,96
"2020","합계","동대문구",합계,02시-04시,53,-,68
"2020","합계","동대문구",합계,04시-06시,42,1,58
"2020","합계","동대문구",합계,06시-08시,58,1,69
"2020","합계","동대문구",합계,08시-10시,154,1,201
"2020","합계","동대문구",합계,10시-12시,167,2,197
"2020","합계","동대문구",합계,12시-14시,151,-,186
"2020","합계","동대문구",합계,14시-16시,156,2,189
"2020","합계","동대문구",합계,16시-18시,167,-,198
"2020","합계","동대문구",합계,18시-20시,199,1,262
"2020","합계","동대문구",합계,20시-22시,144,2,193
"2020","합계","동대문구",합계,22시-24시,96,-,128
"2020","합계","중랑구",합계,소계,1447,4,1952
"2020","합계","중랑구",합계,00시-02시,63,-,90
"2020","합계","중랑구",합계,02시-04시,41,1,56
"2020","합계","중랑구",합계,04시-06시,45,1,73
"2020","합계","중랑구",합계,06시-08시,71,1,80
"2020","합계","중랑구",합계,08시-10시,121,-,159
"2020","합계","중랑구",합계,10시-12시,133,-,192
"2020","합계","중랑구",합계,12시-14시,140,-,167
"2020","합계","중랑구",합계,14시-16시,161,-,213
"2020","합계","중랑구",합계,16시-18시,173,-,205
"2020","합계","중랑구",합계,18시-20시,214,-,304
"2020","합계","중랑구",합계,20시-22시,169,-,236
"2020","합계","중랑구",합계,22시-24시,116,1,177
"2020","합계","성북구",합계,소계,1275,7,1622
"2020","합계","성북구",합계,00시-02시,57,2,76
"2020","합계","성북구",합계,02시-04시,28,-,44
"2020","합계","성북구",합계,04시-06시,44,-,57
"2020","합계","성북구",합계,06시-08시,66,-,81
"2020","합계","성북구",합계,08시-10시,114,3,126
"2020","합계","성북구",합계,10시-12시,118,-,144
"2020","합계","성북구",합계,12시-14시,137,-,173
"2020","합계","성북구",합계,14시-16시,150,-,188
"2020","합계","성북구",합계,16시-18시,154,-,194
"2020","합계","성북구",합계,18시-20시,155,-,207
"2020","합계","성북구",합계,20시-22시,142,1,171
"2020","합계","성북구",합계,22시-24시,110,1,161
"2020","합계","강북구",합계,소계,1087,3,1420
"2020","합계","강북구",합계,00시-02시,52,-,71
"2020","합계","강북구",합계,02시-04시,41,-,62
"2020","합계","강북구",합계,04시-06시,42,1,51
"2020","합계","강북구",합계,06시-08시,36,-,46
"2020","합계","강북구",합계,08시-10시,86,1,107
"2020","합계","강북구",합계,10시-12시,92,-,124
"2020","합계","강북구",합계,12시-14시,132,1,166
"2020","합계","강북구",합계,14시-16시,117,-,165
"2020","합계","강북구",합계,16시-18시,143,-,184
"2020","합계","강북구",합계,18시-20시,134,-,174
"2020","합계","강북구",합계,20시-22시,116,-,156
"2020","합계","강북구",합계,22시-24시,96,-,114
"2020","합계","도봉구",합계,소계,741,7,990
"2020","합계","도봉구",합계,00시-02시,27,1,54
"2020","합계","도봉구",합계,02시-04시,19,-,41
"2020","합계","도봉구",합계,04시-06시,15,-,20
"2020","합계","도봉구",합계,06시-08시,34,-,45
"2020","합계","도봉구",합계,08시-10시,84,-,119
"2020","합계","도봉구",합계,10시-12시,66,-,85
"2020","합계","도봉구",합계,12시-14시,87,2,131
"2020","합계","도봉구",합계,14시-16시,73,-,83
"2020","합계","도봉구",합계,16시-18시,92,3,106
"2020","합계","도봉구",합계,18시-20시,108,1,127
"2020","합계","도봉구",합계,20시-22시,69,-,89
"2020","합계","도봉구",합계,22시-24시,67,-,90
"2020","합계","노원구",합계,소계,1462,5,2016
"2020","합계","노원구",합계,00시-02시,70,1,98
"2020","합계","노원구",합계,02시-04시,27,-,31
"2020","합계","노원구",합계,04시-06시,37,1,48
"2020","합계","노원구",합계,06시-08시,59,-,77
"2020","합계","노원구",합계,08시-10시,115,-,160
"2020","합계","노원구",합계,10시-12시,145,-,205
"2020","합계","노원구",합계,12시-14시,170,-,238
"2020","합계","노원구",합계,14시-16시,181,-,252
"2020","합계","노원구",합계,16시-18시,184,-,264
"2020","합계","노원구",합계,18시-20시,200,2,275
"2020","합계","노원구",합계,20시-22시,169,1,223
"2020","합계","노원구",합계,22시-24시,105,-,145
"2020","합계","은평구",합계,소계,953,14,1415
"2020","합계","은평구",합계,00시-02시,62,1,94
"2020","합계","은평구",합계,02시-04시,20,1,27
"2020","합계","은평구",합계,04시-06시,36,2,56
"2020","합계","은평구",합계,06시-08시,44,1,57
"2020","합계","은평구",합계,08시-10시,70,-,132
"2020","합계","은평구",합계,10시-12시,83,-,116
"2020","합계","은평구",합계,12시-14시,119,2,163
"2020","합계","은평구",합계,14시-16시,105,2,141
"2020","합계","은평구",합계,16시-18시,99,1,146
"2020","합계","은평구",합계,18시-20시,126,1,198
"2020","합계","은평구",합계,20시-22시,99,-,153
"2020","합계","은평구",합계,22시-24시,90,3,132
"2020","합계","서대문구",합계,소계,928,6,1256
"2020","합계","서대문구",합계,00시-02시,50,1,70
"2020","합계","서대문구",합계,02시-04시,26,1,36
"2020","합계","서대문구",합계,04시-06시,24,1,28
"2020","합계","서대문구",합계,06시-08시,49,-,68
"2020","합계","서대문구",합계,08시-10시,90,1,115
"2020","합계","서대문구",합계,10시-12시,84,-,103
"2020","합계","서대문구",합계,12시-14시,113,-,152
"2020","합계","서대문구",합계,14시-16시,111,2,149
"2020","합계","서대문구",합계,16시-18시,116,-,162
"2020","합계","서대문구",합계,18시-20시,125,-,177
"2020","합계","서대문구",합계,20시-22시,78,-,109
"2020","합계","서대문구",합계,22시-24시,62,-,87
"2020","합계","마포구",합계,소계,1272,13,1754
"2020","합계","마포구",합계,00시-02시,105,2,156
"2020","합계","마포구",합계,02시-04시,62,1,96
"2020","합계","마포구",합계,04시-06시,42,-,59
"2020","합계","마포구",합계,06시-08시,38,2,45
"2020","합계","마포구",합계,08시-10시,91,-,120
"2020","합계","마포구",합계,10시-12시,112,-,155
"2020","합계","마포구",합계,12시-14시,109,3,141
"2020","합계","마포구",합계,14시-16시,109,1,152
"2020","합계","마포구",합계,16시-18시,157,-,220
"2020","합계","마포구",합계,18시-20시,183,1,238
"2020","합계","마포구",합계,20시-22시,147,3,208
"2020","합계","마포구",합계,22시-24시,117,-,164
"2020","합계","양천구",합계,소계,1344,7,1829
"2020","합계","양천구",합계,00시-02시,65,1,97
"2020","합계","양천구",합계,02시-04시,32,-,59
"2020","합계","양천구",합계,04시-06시,31,-,48
"2020","합계","양천구",합계,06시-08시,75,-,97
"2020","합계","양천구",합계,08시-10시,128,1,175
"2020","합계","양천구",합계,10시-12시,120,-,154
"2020","합계","양천구",합계,12시-14시,159,1,210
"2020","합계","양천구",합계,14시-16시,156,1,196
"2020","합계","양천구",합계,16시-18시,169,1,225
"2020","합계","양천구",합계,18시-20시,174,2,238
"2020","합계","양천구",합계,20시-22시,142,-,190
"2020","합계","양천구",합계,22시-24시,93,-,140
"2020","합계","강서구",합계,소계,1575,17,2131
"2020","합계","강서구",합계,00시-02시,90,1,130
"2020","합계","강서구",합계,02시-04시,42,-,64
"2020","합계","강서구",합계,04시-06시,43,3,57
"2020","합계","강서구",합계,06시-08시,95,2,127
"2020","합계","강서구",합계,08시-10시,125,2,161
"2020","합계","강서구",합계,10시-12시,132,2,166
"2020","합계","강서구",합계,12시-14시,166,3,266
"2020","합계","강서구",합계,14시-16시,189,1,252
"2020","합계","강서구",합계,16시-18시,173,2,218
"2020","합계","강서구",합계,18시-20시,196,-,266
"2020","합계","강서구",합계,20시-22시,187,1,237
"2020","합계","강서구",합계,22시-24시,137,-,187
"2020","합계","구로구",합계,소계,1325,10,1810
"2020","합계","구로구",합계,00시-02시,80,1,146
"2020","합계","구로구",합계,02시-04시,59,1,87
"2020","합계","구로구",합계,04시-06시,45,-,59
"2020","합계","구로구",합계,06시-08시,73,1,111
"2020","합계","구로구",합계,08시-10시,127,2,145
"2020","합계","구로구",합계,10시-12시,122,-,157
"2020","합계","구로구",합계,12시-14시,123,-,154
"2020","합계","구로구",합계,14시-16시,129,3,169
"2020","합계","구로구",합계,16시-18시,157,-,215
"2020","합계","구로구",합계,18시-20시,165,2,211
"2020","합계","구로구",합계,20시-22시,131,-,196
"2020","합계","구로구",합계,22시-24시,114,-,160
"2020","합계","금천구",합계,소계,810,6,1084
"2020","합계","금천구",합계,00시-02시,51,-,71
"2020","합계","금천구",합계,02시-04시,25,1,34
"2020","합계","금천구",합계,04시-06시,31,1,38
"2020","합계","금천구",합계,06시-08시,31,-,45
"2020","합계","금천구",합계,08시-10시,74,-,95
"2020","합계","금천구",합계,10시-12시,66,1,91
"2020","합계","금천구",합계,12시-14시,79,-,102
"2020","합계","금천구",합계,14시-16시,81,-,115
"2020","합계","금천구",합계,16시-18시,86,-,118
"2020","합계","금천구",합계,18시-20시,111,2,145
"2020","합계","금천구",합계,20시-22시,106,-,139
"2020","합계","금천구",합계,22시-24시,69,1,91
"2020","합계","영등포구",합계,소계,2208,7,3102
"2020","합계","영등포구",합계,00시-02시,111,1,162
"2020","합계","영등포구",합계,02시-04시,73,2,122
"2020","합계","영등포구",합계,04시-06시,64,-,109
"2020","합계","영등포구",합계,06시-08시,118,-,172
"2020","합계","영등포구",합계,08시-10시,186,-,249
"2020","합계","영등포구",합계,10시-12시,211,2,289
"2020","합계","영등포구",합계,12시-14시,223,-,301
"2020","합계","영등포구",합계,14시-16시,247,-,349
"2020","합계","영등포구",합계,16시-18시,267,-,353
"2020","합계","영등포구",합계,18시-20시,310,-,409
"2020","합계","영등포구",합계,20시-22시,240,1,347
"2020","합계","영등포구",합계,22시-24시,158,1,240
"2020","합계","동작구",합계,소계,1307,10,1819
"2020","합계","동작구",합계,00시-02시,68,1,110
"2020","합계","동작구",합계,02시-04시,30,-,44
"2020","합계","동작구",합계,04시-06시,46,-,76
"2020","합계","동작구",합계,06시-08시,73,2,91
"2020","합계","동작구",합계,08시-10시,115,1,159
"2020","합계","동작구",합계,10시-12시,121,2,167
"2020","합계","동작구",합계,12시-14시,138,-,199
"2020","합계","동작구",합계,14시-16시,136,1,178
"2020","합계","동작구",합계,16시-18시,158,-,218
"2020","합계","동작구",합계,18시-20시,176,1,229
"2020","합계","동작구",합계,20시-22시,134,1,177
"2020","합계","동작구",합계,22시-24시,112,1,171
"2020","합계","관악구",합계,소계,1444,13,1819
"2020","합계","관악구",합계,00시-02시,94,-,127
"2020","합계","관악구",합계,02시-04시,58,1,67
"2020","합계","관악구",합계,04시-06시,53,3,58
"2020","합계","관악구",합계,06시-08시,60,-,71
"2020","합계","관악구",합계,08시-10시,129,1,155
"2020","합계","관악구",합계,10시-12시,144,1,181
"2020","합계","관악구",합계,12시-14시,152,2,193
"2020","합계","관악구",합계,14시-16시,140,1,179
"2020","합계","관악구",합계,16시-18시,147,-,176
"2020","합계","관악구",합계,18시-20시,190,1,261
"2020","합계","관악구",합계,20시-22시,153,-,186
"2020","합계","관악구",합계,22시-24시,124,3,165
"2020","합계","서초구",합계,소계,2250,9,3075
"2020","합계","서초구",합계,00시-02시,109,1,161
"2020","합계","서초구",합계,02시-04시,54,-,74
"2020","합계","서초구",합계,04시-06시,45,-,77
"2020","합계","서초구",합계,06시-08시,98,-,123
"2020","합계","서초구",합계,08시-10시,191,-,256
"2020","합계","서초구",합계,10시-12시,232,2,326
"2020","합계","서초구",합계,12시-14시,239,1,314
"2020","합계","서초구",합계,14시-16시,280,2,413
"2020","합계","서초구",합계,16시-18시,307,-,409
"2020","합계","서초구",합계,18시-20시,302,-,389
"2020","합계","서초구",합계,20시-22시,212,1,283
"2020","합계","서초구",합계,22시-24시,181,2,250
"2020","합계","강남구",합계,소계,3752,17,5189
"2020","합계","강남구",합계,00시-02시,230,1,355
"2020","합계","강남구",합계,02시-04시,144,1,225
"2020","합계","강남구",합계,04시-06시,113,3,163
"2020","합계","강남구",합계,06시-08시,131,-,171
"2020","합계","강남구",합계,08시-10시,294,-,384
"2020","합계","강남구",합계,10시-12시,350,1,471
"2020","합계","강남구",합계,12시-14시,403,1,523
"2020","합계","강남구",합계,14시-16시,397,2,546
"2020","합계","강남구",합계,16시-18시,450,-,602
"2020","합계","강남구",합계,18시-20시,529,1,732
"2020","합계","강남구",합계,20시-22시,392,2,553
"2020","합계","강남구",합계,22시-24시,319,5,464
"2020","합계","송파구",합계,소계,2595,11,3509
"2020","합계","송파구",합계,00시-02시,130,1,181
"2020","합계","송파구",합계,02시-04시,68,2,105
"2020","합계","송파구",합계,04시-06시,64,3,98
"2020","합계","송파구",합계,06시-08시,113,1,150
"2020","합계","송파구",합계,08시-10시,231,-,287
"2020","합계","송파구",합계,10시-12시,243,-,302
"2020","합계","송파구",합계,12시-14시,281,-,381
"2020","합계","송파구",합계,14시-16시,279,1,379
"2020","합계","송파구",합계,16시-18시,362,1,492
"2020","합계","송파구",합계,18시-20시,359,2,477
"2020","합계","송파구",합계,20시-22시,254,-,349
"2020","합계","송파구",합계,22시-24시,211,-,308
"2020","합계","강동구",합계,소계,1268,7,1600
"2020","합계","강동구",합계,00시-02시,52,-,77
"2020","합계","강동구",합계,02시-04시,29,-,38
"2020","합계","강동구",합계,04시-06시,40,-,49
"2020","합계","강동구",합계,06시-08시,57,1,78
"2020","합계","강동구",합계,08시-10시,105,-,123
"2020","합계","강동구",합계,10시-12시,116,-,149
"2020","합계","강동구",합계,12시-14시,136,-,173
"2020","합계","강동구",합계,14시-16시,167,1,200
"2020","합계","강동구",합계,16시-18시,173,2,232
"2020","합계","강동구",합계,18시-20시,180,-,223
"2020","합계","강동구",합계,20시-22시,117,1,143
"2020","합계","강동구",합계,22시-24시,96,2,115
"2021","합계","소계",합계,소계,33913,243,45223
"2021","합계","소계",합계,00시-02시,1116,15,1602
"2021","합계","소계",합계,02시-04시,544,16,728
"2021","합계","소계",합계,04시-06시,653,20,877
"2021","합계","소계",합계,06시-08시,1459,30,1846
"2021","합계","소계",합계,08시-10시,2951,17,3805
"2021","합계","소계",합계,10시-12시,3388,27,4440
"2021","합계","소계",합계,12시-14시,3972,25,5212
"2021","합계","소계",합계,14시-16시,3912,20,5285
"2021","합계","소계",합계,16시-18시,4298,14,5627
"2021","합계","소계",합계,18시-20시,4833,21,6348
"2021","합계","소계",합계,20시-22시,3748,17,5084
"2021","합계","소계",합계,22시-24시,3039,21,4369
"2021","합계","종로구",합계,소계,778,6,1050
"2021","합계","종로구",합계,00시-02시,31,1,43
"2021","합계","종로구",합계,02시-04시,12,-,15
"2021","합계","종로구",합계,04시-06시,16,-,20
"2021","합계","종로구",합계,06시-08시,25,2,30
"2021","합계","종로구",합계,08시-10시,74,-,89
"2021","합계","종로구",합계,10시-12시,96,-,135
"2021","합계","종로구",합계,12시-14시,107,1,144
"2021","합계","종로구",합계,14시-16시,90,-,124
"2021","합계","종로구",합계,16시-18시,86,1,114
"2021","합계","종로구",합계,18시-20시,101,-,133
"2021","합계","종로구",합계,20시-22시,63,-,92
"2021","합계","종로구",합계,22시-24시,77,1,111
"2021","합계","중구",합계,소계,854,3,1156
"2021","합계","중구",합계,00시-02시,27,-,36
"2021","합계","중구",합계,02시-04시,28,-,35
"2021","합계","중구",합계,04시-06시,19,1,20
"2021","합계","중구",합계,06시-08시,34,-,44
"2021","합계","중구",합계,08시-10시,61,-,76
"2021","합계","중구",합계,10시-12시,83,-,106
"2021","합계","중구",합계,12시-14시,116,1,144
"2021","합계","중구",합계,14시-16시,96,-,149
"2021","합계","중구",합계,16시-18시,81,1,103
"2021","합계","중구",합계,18시-20시,138,-,184
"2021","합계","중구",합계,20시-22시,90,-,136
"2021","합계","중구",합계,22시-24시,81,-,123
"2021","합계","용산구",합계,소계,1014,5,1369
"2021","합계","용산구",합계,00시-02시,33,-,49
"2021","합계","용산구",합계,02시-04시,17,-,22
"2021","합계","용산구",합계,04시-06시,17,1,26
"2021","합계","용산구",합계,06시-08시,36,-,46
"2021","합계","용산구",합계,08시-10시,93,-,135
"2021","합계","용산구",합계,10시-12시,98,1,119
"2021","합계","용산구",합계,12시-14시,97,-,142
"2021","합계","용산구",합계,14시-16시,118,1,167
"2021","합계","용산구",합계,16시-18시,128,1,168
"2021","합계","용산구",합계,18시-20시,165,1,203
"2021","합계","용산구",합계,20시-22시,101,-,142
"2021","합계","용산구",합계,22시-24시,111,-,150
"2021","합계","성동구",합계,소계,1057,8,1362
"2021","합계","성동구",합계,00시-02시,39,-,60
"2021","합계","성동구",합계,02시-04시,15,2,20
"2021","합계","성동구",합계,04시-06시,17,1,24
"2021","합계","성동구",합계,06시-08시,54,1,74
"2021","합계","성동구",합계,08시-10시,89,1,114
"2021","합계","성동구",합계,10시-12시,124,-,148
"2021","합계","성동구",합계,12시-14시,114,2,129
"2021","합계","성동구",합계,14시-16시,103,-,136
"2021","합계","성동구",합계,16시-18시,132,-,163
"2021","합계","성동구",합계,18시-20시,143,-,197
"2021","합계","성동구",합계,20시-22시,102,-,120
"2021","합계","성동구",합계,22시-24시,125,1,177
"2021","합계","광진구",합계,소계,922,4,1216
"2021","합계","광진구",합계,00시-02시,44,-,64
"2021","합계","광진구",합계,02시-04시,14,2,17
"2021","합계","광진구",합계,04시-06시,13,-,18
"2021","합계","광진구",합계,06시-08시,33,2,39
"2021","합계","광진구",합계,08시-10시,87,-,115
"2021","합계","광진구",합계,10시-12시,93,-,108
"2021","합계","광진구",합계,12시-14시,87,-,124
"2021","합계","광진구",합계,14시-16시,103,-,138
"2021","합계","광진구",합계,16시-18시,122,-,162
"2021","합계","광진구",합계,18시-20시,121,-,163
"2021","합계","광진구",합계,20시-22시,114,-,140
"2021","합계","광진구",합계,22시-24시,91,-,128
"2021","합계","동대문구",합계,소계,1390,17,1656
"2021","합계","동대문구",합계,00시-02시,45,-,58
"2021","합계","동대문구",합계,02시-04시,24,-,35
"2021","합계","동대문구",합계,04시-06시,31,2,33
"2021","합계","동대문구",합계,06시-08시,67,2,73
"2021","합계","동대문구",합계,08시-10시,151,-,171
"2021","합계","동대문구",합계,10시-12시,154,3,187
"2021","합계","동대문구",합계,12시-14시,195,1,222
"2021","합계","동대문구",합계,14시-16시,159,3,195
"2021","합계","동대문구",합계,16시-18시,158,2,187
"2021","합계","동대문구",합계,18시-20시,169,2,198
"2021","합계","동대문구",합계,20시-22시,124,1,153
"2021","합계","동대문구",합계,22시-24시,113,1,144
"2021","합계","중랑구",합계,소계,1373,7,1826
"2021","합계","중랑구",합계,00시-02시,40,-,55
"2021","합계","중랑구",합계,02시-04시,14,2,20
"2021","합계","중랑구",합계,04시-06시,29,-,31
"2021","합계","중랑구",합계,06시-08시,66,-,97
"2021","합계","중랑구",합계,08시-10시,110,-,143
"2021","합계","중랑구",합계,10시-12시,142,-,204
"2021","합계","중랑구",합계,12시-14시,157,2,186
"2021","합계","중랑구",합계,14시-16시,172,-,223
"2021","합계","중랑구",합계,16시-18시,186,-,246
"2021","합계","중랑구",합계,18시-20시,196,2,268
"2021","합계","중랑구",합계,20시-22시,138,-,182
"2021","합계","중랑구",합계,22시-24시,123,1,171
"2021","합계","성북구",합계,소계,1285,15,1606
"2021","합계","성북구",합계,00시-02시,27,1,35
"2021","합계","성북구",합계,02시-04시,18,2,22
"2021","합계","성북구",합계,04시-06시,26,-,34
"2021","합계","성북구",합계,06시-08시,61,-,73
"2021","합계","성북구",합계,08시-10시,134,2,151
"2021","합계","성북구",합계,10시-12시,125,2,161
"2021","합계","성북구",합계,12시-14시,149,2,184
"2021","합계","성북구",합계,14시-16시,148,1,183
"2021","합계","성북구",합계,16시-18시,164,2,206
"2021","합계","성북구",합계,18시-20시,161,2,192
"2021","합계","성북구",합계,20시-22시,157,-,205
"2021","합계","성북구",합계,22시-24시,115,1,160
"2021","합계","강북구",합계,소계,1017,6,1302
"2021","합계","강북구",합계,00시-02시,39,-,59
"2021","합계","강북구",합계,02시-04시,23,-,31
"2021","합계","강북구",합계,04시-06시,20,-,30
"2021","합계","강북구",합계,06시-08시,47,3,53
"2021","합계","강북구",합계,08시-10시,90,-,111
"2021","합계","강북구",합계,10시-12시,76,1,97
"2021","합계","강북구",합계,12시-14시,127,-,166
"2021","합계","강북구",합계,14시-16시,118,-,145
"2021","합계","강북구",합계,16시-18시,133,1,160
"2021","합계","강북구",합계,18시-20시,122,-,145
"2021","합계","강북구",합계,20시-22시,137,1,181
"2021","합계","강북구",합계,22시-24시,85,-,124
"2021","합계","도봉구",합계,소계,591,3,768
"2021","합계","도봉구",합계,00시-02시,23,-,35
"2021","합계","도봉구",합계,02시-04시,6,-,6
"2021","합계","도봉구",합계,04시-06시,11,-,13
"2021","합계","도봉구",합계,06시-08시,18,-,22
"2021","합계","도봉구",합계,08시-10시,53,-,71
"2021","합계","도봉구",합계,10시-12시,57,-,70
"2021","합계","도봉구",합계,12시-14시,63,1,76
"2021","합계","도봉구",합계,14시-16시,79,-,104
"2021","합계","도봉구",합계,16시-18시,92,-,113
"2021","합계","도봉구",합계,18시-20시,75,1,94
"2021","합계","도봉구",합계,20시-22시,63,-,86
"2021","합계","도봉구",합계,22시-24시,51,1,78
"2021","합계","노원구",합계,소계,1413,8,1940
"2021","합계","노원구",합계,00시-02시,34,2,46
"2021","합계","노원구",합계,02시-04시,20,-,25
"2021","합계","노원구",합계,04시-06시,33,-,43
"2021","합계","노원구",합계,06시-08시,63,2,77
"2021","합계","노원구",합계,08시-10시,139,1,187
"2021","합계","노원구",합계,10시-12시,153,-,200
"2021","합계","노원구",합계,12시-14시,155,-,213
"2021","합계","노원구",합계,14시-16시,167,-,239
"2021","합계","노원구",합계,16시-18시,191,-,261
"2021","합계","노원구",합계,18시-20시,186,-,263
"2021","합계","노원구",합계,20시-22시,159,2,211
"2021","합계","노원구",합계,22시-24시,113,1,175
"2021","합계","은평구",합계,소계,867,11,1218
"2021","합계","은평구",합계,00시-02시,25,-,32
"2021","합계","은평구",합계,02시-04시,18,1,23
"2021","합계","은평구",합계,04시-06시,23,-,33
"2021","합계","은평구",합계,06시-08시,51,2,74
"2021","합계","은평구",합계,08시-10시,84,2,121
"2021","합계","은평구",합계,10시-12시,70,2,93
"2021","합계","은평구",합계,12시-14시,103,1,138
"2021","합계","은평구",합계,14시-16시,99,2,142
"2021","합계","은평구",합계,16시-18시,110,-,139
"2021","합계","은평구",합계,18시-20시,121,-,200
"2021","합계","은평구",합계,20시-22시,95,-,126
"2021","합계","은평구",합계,22시-24시,68,1,97
"2021","합계","서대문구",합계,소계,930,9,1206
"2021","합계","서대문구",합계,00시-02시,28,1,39
"2021","합계","서대문구",합계,02시-04시,19,2,26
"2021","합계","서대문구",합계,04시-06시,16,-,21
"2021","합계","서대문구",합계,06시-08시,47,2,52
"2021","합계","서대문구",합계,08시-10시,73,1,93
"2021","합계","서대문구",합계,10시-12시,84,1,101
"2021","합계","서대문구",합계,12시-14시,109,-,138
"2021","합계","서대문구",합계,14시-16시,108,-,144
"2021","합계","서대문구",합계,16시-18시,124,-,157
"2021","합계","서대문구",합계,18시-20시,145,-,192
"2021","합계","서대문구",합계,20시-22시,100,1,136
"2021","합계","서대문구",합계,22시-24시,77,1,107
"2021","합계","마포구",합계,소계,1102,14,1573
"2021","합계","마포구",합계,00시-02시,44,1,59
"2021","합계","마포구",합계,02시-04시,20,-,31
"2021","합계","마포구",합계,04시-06시,21,3,31
"2021","합계","마포구",합계,06시-08시,44,-,55
"2021","합계","마포구",합계,08시-10시,100,2,134
"2021","합계","마포구",합계,10시-12시,108,1,158
"2021","합계","마포구",합계,12시-14시,108,3,152
"2021","합계","마포구",합계,14시-16시,122,1,177
"2021","합계","마포구",합계,16시-18시,115,2,159
"2021","합계","마포구",합계,18시-20시,135,-,189
"2021","합계","마포구",합계,20시-22시,150,-,228
"2021","합계","마포구",합계,22시-24시,135,1,200
"2021","합계","양천구",합계,소계,1305,14,1692
"2021","합계","양천구",합계,00시-02시,38,1,53
"2021","합계","양천구",합계,02시-04시,8,1,7
"2021","합계","양천구",합계,04시-06시,18,1,21
"2021","합계","양천구",합계,06시-08시,78,2,94
"2021","합계","양천구",합계,08시-10시,125,-,150
"2021","합계","양천구",합계,10시-12시,114,1,161
"2021","합계","양천구",합계,12시-14시,136,1,163
"2021","합계","양천구",합계,14시-16시,177,3,229
"2021","합계","양천구",합계,16시-18시,169,2,222
"2021","합계","양천구",합계,18시-20시,204,1,255
"2021","합계","양천구",합계,20시-22시,138,1,190
"2021","합계","양천구",합계,22시-24시,100,-,147
"2021","합계","강서구",합계,소계,1501,13,2042
"2021","합계","강서구",합계,00시-02시,47,1,60
"2021","합계","강서구",합계,02시-04시,27,-,39
"2021","합계","강서구",합계,04시-06시,24,2,35
"2021","합계","강서구",합계,06시-08시,67,-,95
"2021","합계","강서구",합계,08시-10시,116,1,178
"2021","합계","강서구",합계,10시-12시,143,3,181
"2021","합계","강서구",합계,12시-14시,154,1,196
"2021","합계","강서구",합계,14시-16시,163,2,223
"2021","합계","강서구",합계,16시-18시,207,-,266
"2021","합계","강서구",합계,18시-20시,227,2,319
"2021","합계","강서구",합계,20시-22시,194,1,253
"2021","합계","강서구",합계,22시-24시,132,-,197
"2021","합계","구로구",합계,소계,1350,9,1729
"2021","합계","구로구",합계,00시-02시,29,1,47
"2021","합계","구로구",합계,02시-04시,22,1,28
"2021","합계","구로구",합계,04시-06시,43,2,63
"2021","합계","구로구",합계,06시-08시,54,-,68
"2021","합계","구로구",합계,08시-10시,127,-,148
"2021","합계","구로구",합계,10시-12시,129,2,160
"2021","합계","구로구",합계,12시-14시,147,-,183
"2021","합계","구로구",합계,14시-16시,138,-,182
"2021","합계","구로구",합계,16시-18시,177,-,232
"2021","합계","구로구",합계,18시-20시,226,-,285
"2021","합계","구로구",합계,20시-22시,166,3,204
"2021","합계","구로구",합계,22시-24시,92,-,129
"2021","합계","금천구",합계,소계,827,16,1167
"2021","합계","금천구",합계,00시-02시,30,1,46
"2021","합계","금천구",합계,02시-04시,14,-,19
"2021","합계","금천구",합계,04시-06시,25,1,31
"2021","합계","금천구",합계,06시-08시,39,-,49
"2021","합계","금천구",합계,08시-10시,63,1,81
"2021","합계","금천구",합계,10시-12시,85,3,135
"2021","합계","금천구",합계,12시-14시,95,3,125
"2021","합계","금천구",합계,14시-16시,87,1,137
"2021","합계","금천구",합계,16시-18시,81,1,126
"2021","합계","금천구",합계,18시-20시,140,4,183
"2021","합계","금천구",합계,20시-22시,97,-,131
"2021","합계","금천구",합계,22시-24시,71,1,104
"2021","합계","영등포구",합계,소계,2178,15,2967
"2021","합계","영등포구",합계,00시-02시,74,-,111
"2021","합계","영등포구",합계,02시-04시,28,1,41
"2021","합계","영등포구",합계,04시-06시,52,2,70
"2021","합계","영등포구",합계,06시-08시,101,1,118
"2021","합계","영등포구",합계,08시-10시,165,-,211
"2021","합계","영등포구",합계,10시-12시,216,2,283
"2021","합계","영등포구",합계,12시-14시,294,-,416
"2021","합계","영등포구",합계,14시-16시,264,4,350
"2021","합계","영등포구",합계,16시-18시,273,1,358
"2021","합계","영등포구",합계,18시-20시,301,1,408
"2021","합계","영등포구",합계,20시-22시,239,1,361
"2021","합계","영등포구",합계,22시-24시,171,2,240
"2021","합계","동작구",합계,소계,1148,11,1520
"2021","합계","동작구",합계,00시-02시,26,1,36
"2021","합계","동작구",합계,02시-04시,16,-,23
"2021","합계","동작구",합계,04시-06시,30,1,49
"2021","합계","동작구",합계,06시-08시,44,1,60
"2021","합계","동작구",합계,08시-10시,111,-,158
"2021","합계","동작구",합계,10시-12시,108,2,129
"2021","합계","동작구",합계,12시-14시,133,3,168
"2021","합계","동작구",합계,14시-16시,132,-,173
"2021","합계","동작구",합계,16시-18시,148,-,187
"2021","합계","동작구",합계,18시-20시,180,-,220
"2021","합계","동작구",합계,20시-22시,120,1,177
"2021","합계","동작구",합계,22시-24시,100,2,140
"2021","합계","관악구",합계,소계,1419,8,1829
"2021","합계","관악구",합계,00시-02시,52,-,78
"2021","합계","관악구",합계,02시-04시,24,-,29
"2021","합계","관악구",합계,04시-06시,28,1,34
"2021","합계","관악구",합계,06시-08시,56,2,70
"2021","합계","관악구",합계,08시-10시,97,3,131
"2021","합계","관악구",합계,10시-12시,136,-,164
"2021","합계","관악구",합계,12시-14시,169,-,213
"2021","합계","관악구",합계,14시-16시,164,-,219
"2021","합계","관악구",합계,16시-18시,161,-,208
"2021","합계","관악구",합계,18시-20시,232,-,296
"2021","합계","관악구",합계,20시-22시,177,1,231
"2021","합계","관악구",합계,22시-24시,123,1,156
"2021","합계","서초구",합계,소계,2118,8,2932
"2021","합계","서초구",합계,00시-02시,61,1,92
"2021","합계","서초구",합계,02시-04시,25,-,28
"2021","합계","서초구",합계,04시-06시,21,1,32
"2021","합계","서초구",합계,06시-08시,91,1,117
"2021","합계","서초구",합계,08시-10시,182,1,237
"2021","합계","서초구",합계,10시-12시,262,1,360
"2021","합계","서초구",합계,12시-14시,262,-,373
"2021","합계","서초구",합계,14시-16시,260,-,369
"2021","합계","서초구",합계,16시-18시,280,-,391
"2021","합계","서초구",합계,18시-20시,289,1,400
"2021","합계","서초구",합계,20시-22시,213,1,288
"2021","합계","서초구",합계,22시-24시,172,1,245
"2021","합계","강남구",합계,소계,3820,10,5175
"2021","합계","강남구",합계,00시-02시,150,2,219
"2021","합계","강남구",합계,02시-04시,86,1,112
"2021","합계","강남구",합계,04시-06시,55,-,79
"2021","합계","강남구",합계,06시-08시,109,1,145
"2021","합계","강남구",합계,08시-10시,290,-,361
"2021","합계","강남구",합계,10시-12시,375,1,498
"2021","합계","강남구",합계,12시-14시,473,2,617
"2021","합계","강남구",합계,14시-16시,451,-,612
"2021","합계","강남구",합계,16시-18시,509,-,665
"2021","합계","강남구",합계,18시-20시,535,-,724
"2021","합계","강남구",합계,20시-22시,408,-,560
"2021","합계","강남구",합계,22시-24시,379,3,583
"2021","합계","송파구",합계,소계,2607,14,3509
"2021","합계","송파구",합계,00시-02시,95,1,140
"2021","합계","송파구",합계,02시-04시,33,-,48
"2021","합계","송파구",합계,04시-06시,37,1,51
"2021","합계","송파구",합계,06시-08시,109,4,136
"2021","합계","송파구",합계,08시-10시,249,1,312
"2021","합계","송파구",합계,10시-12시,263,1,351
"2021","합계","송파구",합계,12시-14시,315,1,454
"2021","합계","송파구",합계,14시-16시,278,-,375
"2021","합계","송파구",합계,16시-18시,344,-,466
"2021","합계","송파구",합계,18시-20시,369,3,462
"2021","합계","송파구",합계,20시-22시,280,2,380
"2021","합계","송파구",합계,22시-24시,235,-,334
"2021","합계","강동구",합계,소계,1047,9,1413
"2021","합계","강동구",합계,00시-02시,35,-,50
"2021","합계","강동구",합계,02시-04시,13,1,26
"2021","합계","강동구",합계,04시-06시,28,-,35
"2021","합계","강동구",합계,06시-08시,65,2,85
"2021","합계","강동구",합계,08시-10시,88,1,127
"2021","합계","강동구",합계,10시-12시,94,-,131
"2021","합계","강동구",합계,12시-14시,107,-,146
"2021","합계","강동구",합계,14시-16시,116,2,150
"2021","합계","강동구",합계,16시-18시,127,-,168
"2021","합계","강동구",합계,18시-20시,152,1,175
"2021","합계","강동구",합계,20시-22시,123,1,171
"2021","합계","강동구",합계,22시-24시,99,1,149
"2022","합계","소계",합계,소계,33698,221,45329
"2022","합계","소계",합계,00시-02시,1537,19,2248
"2022","합계","소계",합계,02시-04시,865,23,1251
"2022","합계","소계",합계,04시-06시,923,24,1289
"2022","합계","소계",합계,06시-08시,1596,12,2049
"2022","합계","소계",합계,08시-10시,3224,14,4161
"2022","합계","소계",합계,10시-12시,3265,16,4355
"2022","합계","소계",합계,12시-14시,3699,22,4936
"2022","합계","소계",합계,14시-16시,3770,19,5055
"2022","합계","소계",합계,16시-18시,4224,11,5620
"2022","합계","소계",합계,18시-20시,4530,13,5940
"2022","합계","소계",합계,20시-22시,3403,24,4637
"2022","합계","소계",합계,22시-24시,2662,24,3788
"2022","합계","종로구",합계,소계,974,3,1351
"2022","합계","종로구",합계,00시-02시,44,-,77
"2022","합계","종로구",합계,02시-04시,26,-,29
"2022","합계","종로구",합계,04시-06시,25,1,35
"2022","합계","종로구",합계,06시-08시,42,-,48
"2022","합계","종로구",합계,08시-10시,101,1,140
"2022","합계","종로구",합계,10시-12시,94,-,134
"2022","합계","종로구",합계,12시-14시,107,-,147
"2022","합계","종로구",합계,14시-16시,117,-,154
"2022","합계","종로구",합계,16시-18시,138,-,186
"2022","합계","종로구",합계,18시-20시,107,-,168
"2022","합계","종로구",합계,20시-22시,91,1,132
"2022","합계","종로구",합계,22시-24시,82,-,101
"2022","합계","중구",합계,소계,943,2,1212
"2022","합계","중구",합계,00시-02시,54,-,76
"2022","합계","중구",합계,02시-04시,27,-,37
"2022","합계","중구",합계,04시-06시,29,-,39
"2022","합계","중구",합계,06시-08시,39,-,47
"2022","합계","중구",합계,08시-10시,92,-,112
"2022","합계","중구",합계,10시-12시,93,-,121
"2022","합계","중구",합계,12시-14시,92,-,108
"2022","합계","중구",합계,14시-16시,125,1,161
"2022","합계","중구",합계,16시-18시,108,-,133
"2022","합계","중구",합계,18시-20시,143,1,175
"2022","합계","중구",합계,20시-22시,89,-,131
"2022","합계","중구",합계,22시-24시,52,-,72
"2022","합계","용산구",합계,소계,1014,11,1330
"2022","합계","용산구",합계,00시-02시,36,1,48
"2022","합계","용산구",합계,02시-04시,47,1,60
"2022","합계","용산구",합계,04시-06시,38,3,62
"2022","합계","용산구",합계,06시-08시,47,-,60
"2022","합계","용산구",합계,08시-10시,76,1,93
"2022","합계","용산구",합계,10시-12시,110,-,141
"2022","합계","용산구",합계,12시-14시,105,3,135
"2022","합계","용산구",합계,14시-16시,127,-,170
"2022","합계","용산구",합계,16시-18시,122,-,156
"2022","합계","용산구",합계,18시-20시,114,1,147
"2022","합계","용산구",합계,20시-22시,102,-,131
"2022","합계","용산구",합계,22시-24시,90,1,127
"2022","합계","성동구",합계,소계,948,8,1222
"2022","합계","성동구",합계,00시-02시,55,2,77
"2022","합계","성동구",합계,02시-04시,21,3,31
"2022","합계","성동구",합계,04시-06시,29,-,35
"2022","합계","성동구",합계,06시-08시,40,-,48
"2022","합계","성동구",합계,08시-10시,94,-,123
"2022","합계","성동구",합계,10시-12시,95,-,125
"2022","합계","성동구",합계,12시-14시,95,-,131
"2022","합계","성동구",합계,14시-16시,103,-,126
"2022","합계","성동구",합계,16시-18시,111,-,139
"2022","합계","성동구",합계,18시-20시,138,1,157
"2022","합계","성동구",합계,20시-22시,89,2,110
"2022","합계","성동구",합계,22시-24시,78,-,120
"2022","합계","광진구",합계,소계,708,9,966
"2022","합계","광진구",합계,00시-02시,41,2,51
"2022","합계","광진구",합계,02시-04시,26,-,34
"2022","합계","광진구",합계,04시-06시,22,1,41
"2022","합계","광진구",합계,06시-08시,24,-,30
"2022","합계","광진구",합계,08시-10시,69,1,80
"2022","합계","광진구",합계,10시-12시,55,-,91
"2022","합계","광진구",합계,12시-14시,64,-,91
"2022","합계","광진구",합계,14시-16시,78,1,103
"2022","합계","광진구",합계,16시-18시,82,-,110
"2022","합계","광진구",합계,18시-20시,100,2,123
"2022","합계","광진구",합계,20시-22시,84,2,111
"2022","합계","광진구",합계,22시-24시,63,-,101
"2022","합계","동대문구",합계,소계,1534,12,1843
"2022","합계","동대문구",합계,00시-02시,61,-,74
"2022","합계","동대문구",합계,02시-04시,28,2,36
"2022","합계","동대문구",합계,04시-06시,26,-,34
"2022","합계","동대문구",합계,06시-08시,79,1,95
"2022","합계","동대문구",합계,08시-10시,169,1,187
"2022","합계","동대문구",합계,10시-12시,184,2,218
"2022","합계","동대문구",합계,12시-14시,170,-,211
"2022","합계","동대문구",합계,14시-16시,176,3,211
"2022","합계","동대문구",합계,16시-18시,215,-,267
"2022","합계","동대문구",합계,18시-20시,189,1,229
"2022","합계","동대문구",합계,20시-22시,144,1,163
"2022","합계","동대문구",합계,22시-24시,93,1,118
"2022","합계","중랑구",합계,소계,1401,10,1890
"2022","합계","중랑구",합계,00시-02시,61,2,90
"2022","합계","중랑구",합계,02시-04시,22,1,34
"2022","합계","중랑구",합계,04시-06시,38,-,52
"2022","합계","중랑구",합계,06시-08시,57,1,73
"2022","합계","중랑구",합계,08시-10시,122,-,150
"2022","합계","중랑구",합계,10시-12시,128,2,168
"2022","합계","중랑구",합계,12시-14시,154,1,214
"2022","합계","중랑구",합계,14시-16시,160,1,213
"2022","합계","중랑구",합계,16시-18시,191,1,265
"2022","합계","중랑구",합계,18시-20시,218,-,298
"2022","합계","중랑구",합계,20시-22시,158,1,198
"2022","합계","중랑구",합계,22시-24시,92,-,135
"2022","합계","성북구",합계,소계,1288,8,1626
"2022","합계","성북구",합계,00시-02시,60,-,86
"2022","합계","성북구",합계,02시-04시,34,-,44
"2022","합계","성북구",합계,04시-06시,32,1,43
"2022","합계","성북구",합계,06시-08시,77,-,100
"2022","합계","성북구",합계,08시-10시,127,-,150
"2022","합계","성북구",합계,10시-12시,123,3,143
"2022","합계","성북구",합계,12시-14시,139,-,160
"2022","합계","성북구",합계,14시-16시,151,1,199
"2022","합계","성북구",합계,16시-18시,171,-,224
"2022","합계","성북구",합계,18시-20시,166,2,210
"2022","합계","성북구",합계,20시-22시,113,-,135
"2022","합계","성북구",합계,22시-24시,95,1,132
"2022","합계","강북구",합계,소계,1044,6,1266
"2022","합계","강북구",합계,00시-02시,40,-,51
"2022","합계","강북구",합계,02시-04시,36,-,47
"2022","합계","강북구",합계,04시-06시,20,2,18
"2022","합계","강북구",합계,06시-08시,44,-,50
"2022","합계","강북구",합계,08시-10시,96,1,118
"2022","합계","강북구",합계,10시-12시,103,1,131
"2022","합계","강북구",합계,12시-14시,119,1,145
"2022","합계","강북구",합계,14시-16시,134,1,154
"2022","합계","강북구",합계,16시-18시,131,-,153
"2022","합계","강북구",합계,18시-20시,128,-,154
"2022","합계","강북구",합계,20시-22시,105,-,136
"2022","합계","강북구",합계,22시-24시,88,-,109
"2022","합계","도봉구",합계,소계,522,2,705
"2022","합계","도봉구",합계,00시-02시,23,-,38
"2022","합계","도봉구",합계,02시-04시,13,-,18
"2022","합계","도봉구",합계,04시-06시,18,-,26
"2022","합계","도봉구",합계,06시-08시,18,-,24
"2022","합계","도봉구",합계,08시-10시,48,-,71
"2022","합계","도봉구",합계,10시-12시,41,-,54
"2022","합계","도봉구",합계,12시-14시,55,-,66
"2022","합계","도봉구",합계,14시-16시,66,-,84
"2022","합계","도봉구",합계,16시-18시,63,1,90
"2022","합계","도봉구",합계,18시-20시,68,-,85
"2022","합계","도봉구",합계,20시-22시,70,-,100
"2022","합계","도봉구",합계,22시-24시,39,1,49
"2022","합계","노원구",합계,소계,1384,6,1913
"2022","합계","노원구",합계,00시-02시,55,1,104
"2022","합계","노원구",합계,02시-04시,33,3,39
"2022","합계","노원구",합계,04시-06시,27,1,31
"2022","합계","노원구",합계,06시-08시,72,-,85
"2022","합계","노원구",합계,08시-10시,148,-,203
"2022","합계","노원구",합계,10시-12시,140,-,203
"2022","합계","노원구",합계,12시-14시,171,-,245
"2022","합계","노원구",합계,14시-16시,136,-,185
"2022","합계","노원구",합계,16시-18시,184,-,241
"2022","합계","노원구",합계,18시-20시,160,-,203
"2022","합계","노원구",합계,20시-22시,154,-,234
"2022","합계","노원구",합계,22시-24시,104,1,140
"2022","합계","은평구",합계,소계,918,9,1256
"2022","합계","은평구",합계,00시-02시,36,-,53
"2022","합계","은평구",합계,02시-04시,20,3,25
"2022","합계","은평구",합계,04시-06시,22,-,31
"2022","합계","은평구",합계,06시-08시,39,-,49
"2022","합계","은평구",합계,08시-10시,86,-,110
"2022","합계","은평구",합계,10시-12시,87,1,103
"2022","합계","은평구",합계,12시-14시,100,1,140
"2022","합계","은평구",합계,14시-16시,122,-,173
"2022","합계","은평구",합계,16시-18시,111,-,163
"2022","합계","은평구",합계,18시-20시,120,-,161
"2022","합계","은평구",합계,20시-22시,101,2,131
"2022","합계","은평구",합계,22시-24시,74,2,117
"2022","합계","서대문구",합계,소계,974,5,1303
"2022","합계","서대문구",합계,00시-02시,36,-,49
"2022","합계","서대문구",합계,02시-04시,15,-,29
"2022","합계","서대문구",합계,04시-06시,25,1,34
"2022","합계","서대문구",합계,06시-08시,42,1,55
"2022","합계","서대문구",합계,08시-10시,123,-,169
"2022","합계","서대문구",합계,10시-12시,104,-,127
"2022","합계","서대문구",합계,12시-14시,99,-,116
"2022","합계","서대문구",합계,14시-16시,112,-,152
"2022","합계","서대문구",합계,16시-18시,108,-,151
"2022","합계","서대문구",합계,18시-20시,142,-,204
"2022","합계","서대문구",합계,20시-22시,86,1,109
"2022","합계","서대문구",합계,22시-24시,82,2,108
"2022","합계","마포구",합계,소계,1065,10,1483
"2022","합계","마포구",합계,00시-02시,63,1,89
"2022","합계","마포구",합계,02시-04시,32,-,42
"2022","합계","마포구",합계,04시-06시,46,1,60
"2022","합계","마포구",합계,06시-08시,49,1,65
"2022","합계","마포구",합계,08시-10시,89,-,126
"2022","합계","마포구",합계,10시-12시,76,1,92
"2022","합계","마포구",합계,12시-14시,116,2,170
"2022","합계","마포구",합계,14시-16시,105,1,140
"2022","합계","마포구",합계,16시-18시,116,1,160
"2022","합계","마포구",합계,18시-20시,146,-,201
"2022","합계","마포구",합계,20시-22시,110,1,152
"2022","합계","마포구",합계,22시-24시,117,1,186
"2022","합계","양천구",합계,소계,1165,8,1529
"2022","합계","양천구",합계,00시-02시,51,-,76
"2022","합계","양천구",합계,02시-04시,29,1,38
"2022","합계","양천구",합계,04시-06시,35,1,52
"2022","합계","양천구",합계,06시-08시,56,2,61
"2022","합계","양천구",합계,08시-10시,117,-,143
"2022","합계","양천구",합계,10시-12시,99,2,125
"2022","합계","양천구",합계,12시-14시,138,1,177
"2022","합계","양천구",합계,14시-16시,128,-,162
"2022","합계","양천구",합계,16시-18시,145,-,181
"2022","합계","양천구",합계,18시-20시,160,-,214
"2022","합계","양천구",합계,20시-22시,122,1,177
"2022","합계","양천구",합계,22시-24시,85,-,123
"2022","합계","강서구",합계,소계,1606,15,2108
"2022","합계","강서구",합계,00시-02시,75,2,99
"2022","합계","강서구",합계,02시-04시,37,-,58
"2022","합계","강서구",합계,04시-06시,56,3,73
"2022","합계","강서구",합계,06시-08시,88,1,112
"2022","합계","강서구",합계,08시-10시,176,1,209
"2022","합계","강서구",합계,10시-12시,155,-,213
"2022","합계","강서구",합계,12시-14시,165,1,204
"2022","합계","강서구",합계,14시-16시,179,3,242
"2022","합계","강서구",합계,16시-18시,184,1,235
"2022","합계","강서구",합계,18시-20시,207,1,270
"2022","합계","강서구",합계,20시-22시,165,-,210
"2022","합계","강서구",합계,22시-24시,119,2,183
"2022","합계","구로구",합계,소계,1274,12,1691
"2022","합계","구로구",합계,00시-02시,51,2,84
"2022","합계","구로구",합계,02시-04시,20,-,28
"2022","합계","구로구",합계,04시-06시,47,3,73
"2022","합계","구로구",합계,06시-08시,81,-,100
"2022","합계","구로구",합계,08시-10시,121,-,140
"2022","합계","구로구",합계,10시-12시,136,-,171
"2022","합계","구로구",합계,12시-14시,118,2,155
"2022","합계","구로구",합계,14시-16시,131,1,174
"2022","합계","구로구",합계,16시-18시,181,1,241
"2022","합계","구로구",합계,18시-20시,165,-,206
"2022","합계","구로구",합계,20시-22시,128,2,177
"2022","합계","구로구",합계,22시-24시,95,1,142
"2022","합계","금천구",합계,소계,844,9,1152
"2022","합계","금천구",합계,00시-02시,49,1,75
"2022","합계","금천구",합계,02시-04시,15,-,17
"2022","합계","금천구",합계,04시-06시,24,-,44
"2022","합계","금천구",합계,06시-08시,48,-,55
"2022","합계","금천구",합계,08시-10시,70,1,92
"2022","합계","금천구",합계,10시-12시,77,1,102
"2022","합계","금천구",합계,12시-14시,82,3,98
"2022","합계","금천구",합계,14시-16시,86,1,114
"2022","합계","금천구",합계,16시-18시,113,1,157
"2022","합계","금천구",합계,18시-20시,118,-,159
"2022","합계","금천구",합계,20시-22시,100,1,141
"2022","합계","금천구",합계,22시-24시,62,-,98
"2022","합계","영등포구",합계,소계,1998,20,2707
"2022","합계","영등포구",합계,00시-02시,81,2,119
"2022","합계","영등포구",합계,02시-04시,53,3,77
"2022","합계","영등포구",합계,04시-06시,48,-,63
"2022","합계","영등포구",합계,06시-08시,113,1,150
"2022","합계","영등포구",합계,08시-10시,197,1,260
"2022","합계","영등포구",합계,10시-12시,188,-,274
"2022","합계","영등포구",합계,12시-14시,225,2,295
"2022","합계","영등포구",합계,14시-16시,226,2,326
"2022","합계","영등포구",합계,16시-18시,231,1,288
"2022","합계","영등포구",합계,18시-20시,253,1,327
"2022","합계","영등포구",합계,20시-22시,194,1,264
"2022","합계","영등포구",합계,22시-24시,189,6,264
"2022","합계","동작구",합계,소계,1217,7,1651
"2022","합계","동작구",합계,00시-02시,47,-,67
"2022","합계","동작구",합계,02시-04시,25,-,38
"2022","합계","동작구",합계,04시-06시,26,1,41
"2022","합계","동작구",합계,06시-08시,63,1,88
"2022","합계","동작구",합계,08시-10시,117,1,159
"2022","합계","동작구",합계,10시-12시,106,-,132
"2022","합계","동작구",합계,12시-14시,132,1,182
"2022","합계","동작구",합계,14시-16시,146,-,197
"2022","합계","동작구",합계,16시-18시,154,-,213
"2022","합계","동작구",합계,18시-20시,185,-,242
"2022","합계","동작구",합계,20시-22시,115,-,154
"2022","합계","동작구",합계,22시-24시,101,3,138
"2022","합계","관악구",합계,소계,1172,9,1535
"2022","합계","관악구",합계,00시-02시,63,-,83
"2022","합계","관악구",합계,02시-04시,27,-,44
"2022","합계","관악구",합계,04시-06시,38,2,49
"2022","합계","관악구",합계,06시-08시,53,1,64
"2022","합계","관악구",합계,08시-10시,97,1,131
"2022","합계","관악구",합계,10시-12시,99,1,123
"2022","합계","관악구",합계,12시-14시,125,1,173
"2022","합계","관악구",합계,14시-16시,114,-,157
"2022","합계","관악구",합계,16시-18시,143,1,205
"2022","합계","관악구",합계,18시-20시,173,-,216
"2022","합계","관악구",합계,20시-22시,133,2,155
"2022","합계","관악구",합계,22시-24시,107,-,135
"2022","합계","서초구",합계,소계,2264,8,3391
"2022","합계","서초구",합계,00시-02시,89,-,156
"2022","합계","서초구",합계,02시-04시,68,1,120
"2022","합계","서초구",합계,04시-06시,50,1,74
"2022","합계","서초구",합계,06시-08시,103,-,144
"2022","합계","서초구",합계,08시-10시,232,1,317
"2022","합계","서초구",합계,10시-12시,254,-,396
"2022","합계","서초구",합계,12시-14시,264,2,390
"2022","합계","서초구",합계,14시-16시,253,2,387
"2022","합계","서초구",합계,16시-18시,273,-,381
"2022","합계","서초구",합계,18시-20시,321,1,476
"2022","합계","서초구",합계,20시-22시,201,-,304
"2022","합계","서초구",합계,22시-24시,156,-,246
"2022","합계","강남구",합계,소계,3709,16,5052
"2022","합계","강남구",합계,00시-02시,206,3,301
"2022","합계","강남구",합계,02시-04시,141,2,226
"2022","합계","강남구",합계,04시-06시,103,-,150
"2022","합계","강남구",합계,06시-08시,132,2,183
"2022","합계","강남구",합계,08시-10시,292,1,380
"2022","합계","강남구",합계,10시-12시,356,-,484
"2022","합계","강남구",합계,12시-14시,458,1,595
"2022","합계","강남구",합계,14시-16시,425,1,563
"2022","합계","강남구",합계,16시-18시,457,1,615
"2022","합계","강남구",합계,18시-20시,493,2,641
"2022","합계","강남구",합계,20시-22시,350,2,504
"2022","합계","강남구",합계,22시-24시,296,1,410
"2022","합계","송파구",합계,소계,2581,9,3594
"2022","합계","송파구",합계,00시-02시,109,-,148
"2022","합계","송파구",합계,02시-04시,47,1,67
"2022","합계","송파구",합계,04시-06시,64,1,87
"2022","합계","송파구",합계,06시-08시,120,-,165
"2022","합계","송파구",합계,08시-10시,261,1,354
"2022","합계","송파구",합계,10시-12시,252,2,342
"2022","합계","송파구",합계,12시-14시,280,-,416
"2022","합계","송파구",합계,14시-16시,258,-,362
"2022","합계","송파구",합계,16시-18시,343,2,479
"2022","합계","송파구",합계,18시-20시,353,-,470
"2022","합계","송파구",합계,20시-22시,277,1,394
"2022","합계","송파구",합계,22시-24시,217,1,310
"2022","합계","강동구",합계,소계,1151,7,1553
"2022","합계","강동구",합계,00시-02시,51,-,77
"2022","합계","강동구",합계,02시-04시,23,2,33
"2022","합계","강동구",합계,04시-06시,35,1,42
"2022","합계","강동구",합계,06시-08시,70,-,98
"2022","합계","강동구",합계,08시-10시,104,1,144
"2022","합계","강동구",합계,10시-12시,110,-,142
"2022","합계","강동구",합계,12시-14시,126,-,172
"2022","합계","강동구",합계,14시-16시,112,-,146
"2022","합계","강동구",합계,16시-18시,149,-,187
"2022","합계","강동구",합계,18시-20시,163,-,204
"2022","합계","강동구",합계,20시-22시,122,3,184
"2022","합계","강동구",합계,22시-24시,86,-,124
